container_id,timestamp,product_type,temperature,humidity,vibration,cooling_power,door_open,days_in_transit,hours_elapsed,latitude,longitude,location_name,failure,failure_type,time_to_failure,shelf_life_remaining,health_score,temp_deviation,cumulative_temp_abuse,cooling_degradation
DEMO_NORMAL,2024-01-01T00:00:00,seafood,-2.9,87.2,0.69,100,0,0.0,0,18.94,72.84,Mumbai,1,temperature_low,0,6.91,98,-1.9,0.9,0
DEMO_NORMAL,2024-01-01T01:00:00,seafood,-2.9,92.2,0.83,98,0,0.0,1,18.91,72.82,Mumbai,1,temperature_low,0,6.82,97,-1.9,1.8,0
DEMO_NORMAL,2024-01-01T02:00:00,seafood,-3.1,91.7,0.96,100,0,0.1,2,18.87,72.79,Mumbai,1,temperature_low,0,6.71,95,-2.1,2.9,0
DEMO_NORMAL,2024-01-01T03:00:00,seafood,-2.3,77.7,0.99,100,0,0.1,3,18.84,72.77,Mumbai,1,temperature_low,0,6.68,95,-1.3,3.2,0
DEMO_NORMAL,2024-01-01T04:00:00,seafood,-1.5,75.1,0.43,100,0,0.2,4,18.81,72.75,Mumbai,0,,-1,6.68,95,-0.5,3.2,0
DEMO_NORMAL,2024-01-01T05:00:00,seafood,-1.6,75.5,0.41,98,0,0.2,5,18.78,72.72,Mumbai,0,,-1,6.68,95,-0.6,3.2,0
DEMO_NORMAL,2024-01-01T06:00:00,seafood,-1.1,89.4,0.09,100,0,0.2,6,18.74,72.7,Mumbai,0,,-1,6.68,95,-0.1,3.2,0
DEMO_NORMAL,2024-01-01T07:00:00,seafood,-1.0,74.3,0.14,100,0,0.3,7,18.71,72.67,Mumbai,0,,-1,6.68,95,0.0,3.2,0
DEMO_NORMAL,2024-01-01T08:00:00,seafood,0.5,76.6,0.1,98,0,0.3,8,18.68,72.65,Mumbai,1,temperature_high,0,6.63,94,1.5,3.7,0
DEMO_NORMAL,2024-01-01T09:00:00,seafood,0.2,82.0,0.08,100,0,0.4,9,18.64,72.63,Mumbai,1,temperature_high,0,6.61,94,1.2,3.9,0
DEMO_NORMAL,2024-01-01T10:00:00,seafood,0.3,80.4,0.1,97,0,0.4,10,18.61,72.6,Mumbai,1,temperature_high,0,6.58,94,1.3,4.2,0
DEMO_NORMAL,2024-01-01T11:00:00,seafood,0.8,71.6,0.08,100,0,0.5,11,18.58,72.58,Mumbai,1,temperature_high,0,6.5,92,1.8,5.0,0
DEMO_NORMAL,2024-01-01T12:00:00,seafood,1.1,81.8,0.16,100,0,0.5,12,18.55,72.56,Mumbai,1,temperature_high,0,6.39,91,2.1,6.1,0
DEMO_NORMAL,2024-01-01T13:00:00,seafood,0.4,77.8,0.14,98,0,0.5,13,18.51,72.53,Mumbai,1,temperature_high,0,6.35,90,1.4,6.5,0
DEMO_NORMAL,2024-01-01T14:00:00,seafood,0.5,82.8,0.09,98,0,0.6,14,18.48,72.51,Mumbai,1,temperature_high,0,6.3,90,1.5,7.0,0
DEMO_NORMAL,2024-01-01T15:00:00,seafood,0.2,85.3,0.11,95,0,0.6,15,18.45,72.48,Mumbai,1,temperature_high,0,6.28,89,1.2,7.2,0
DEMO_NORMAL,2024-01-01T16:00:00,seafood,0.0,68.5,0.1,100,0,0.7,16,18.41,72.46,Mumbai,0,,-1,6.28,89,1.0,7.2,0
DEMO_NORMAL,2024-01-01T17:00:00,seafood,-0.0,76.6,0.11,100,0,0.7,17,18.38,72.44,Mumbai,0,,-1,6.28,89,1.0,7.2,0
DEMO_NORMAL,2024-01-01T18:00:00,seafood,-0.6,83.4,0.1,98,0,0.8,18,18.35,72.41,Mumbai,0,,-1,6.28,89,0.4,7.2,0
DEMO_NORMAL,2024-01-01T19:00:00,seafood,-1.7,80.7,0.12,100,0,0.8,19,18.32,72.39,Mumbai,0,,-1,6.28,89,-0.7,7.2,0
DEMO_NORMAL,2024-01-01T20:00:00,seafood,-1.8,90.0,0.07,100,0,0.8,20,18.28,72.37,Mumbai,0,,-1,6.28,89,-0.8,7.2,0
DEMO_NORMAL,2024-01-01T21:00:00,seafood,-2.4,79.9,0.14,95,0,0.9,21,18.25,72.34,Mumbai,1,temperature_low,0,6.24,89,-1.4,7.6,0
DEMO_NORMAL,2024-01-01T22:00:00,seafood,-2.9,83.2,0.15,95,0,0.9,22,18.22,72.32,Mumbai,1,temperature_low,0,6.15,87,-1.9,8.5,0
DEMO_NORMAL,2024-01-01T23:00:00,seafood,-2.6,78.5,0.14,100,0,1.0,23,18.18,72.3,Mumbai,1,temperature_low,0,6.09,87,-1.6,9.1,0
DEMO_NORMAL,2024-01-02T00:00:00,seafood,-2.6,88.1,0.09,99,0,1.0,24,18.15,72.27,Mumbai,1,temperature_low,0,6.03,86,-1.6,9.7,0
DEMO_NORMAL,2024-01-02T01:00:00,seafood,-3.3,85.4,0.06,98,0,1.0,25,18.12,72.25,Mumbai,1,temperature_low,0,5.9,84,-2.3,11.0,0
DEMO_NORMAL,2024-01-02T02:00:00,seafood,-3.2,93.2,0.13,100,0,1.1,26,18.09,72.22,Mumbai,1,temperature_low,0,5.78,82,-2.2,12.2,0
DEMO_NORMAL,2024-01-02T03:00:00,seafood,-2.5,76.2,0.13,100,0,1.1,27,18.05,72.2,Mumbai,1,temperature_low,0,5.73,81,-1.5,12.7,0
DEMO_NORMAL,2024-01-02T04:00:00,seafood,-2.2,87.1,0.09,99,0,1.2,28,18.02,72.18,Mumbai,1,temperature_low,0,5.71,81,-1.2,12.9,0
DEMO_NORMAL,2024-01-02T05:00:00,seafood,-1.3,87.6,0.08,95,0,1.2,29,17.99,72.15,Mumbai,0,,-1,5.71,81,-0.3,12.9,0
DEMO_NORMAL,2024-01-02T06:00:00,seafood,-1.3,82.2,0.16,99,0,1.2,30,17.96,72.13,Mumbai,0,,-1,5.71,81,-0.3,12.9,0
DEMO_NORMAL,2024-01-02T07:00:00,seafood,-0.1,86.2,0.18,97,0,1.3,31,17.92,72.11,Mumbai,0,,-1,5.71,81,0.9,12.9,0
DEMO_NORMAL,2024-01-02T08:00:00,seafood,-0.0,72.5,0.11,100,0,1.3,32,17.89,72.08,Mumbai,0,,-1,5.71,81,1.0,12.9,0
DEMO_NORMAL,2024-01-02T09:00:00,seafood,0.1,72.9,0.19,100,0,1.4,33,17.86,72.06,Mumbai,1,temperature_high,0,5.7,81,1.1,13.0,0
DEMO_NORMAL,2024-01-02T10:00:00,seafood,0.5,72.7,0.1,100,0,1.4,34,17.82,72.04,Mumbai,1,temperature_high,0,5.65,80,1.5,13.5,0
DEMO_NORMAL,2024-01-02T11:00:00,seafood,0.5,75.4,0.13,100,0,1.5,35,17.79,72.01,Mumbai,1,temperature_high,0,5.6,80,1.5,14.0,0
DEMO_NORMAL,2024-01-02T12:00:00,seafood,0.9,75.2,0.11,99,0,1.5,36,17.76,71.99,Mumbai,1,temperature_high,0,5.51,78,1.9,14.9,0
DEMO_NORMAL,2024-01-02T13:00:00,seafood,1.1,81.8,0.19,100,0,1.5,37,17.73,71.96,Mumbai,1,temperature_high,0,5.4,77,2.1,16.0,0
DEMO_NORMAL,2024-01-02T14:00:00,seafood,0.6,80.4,0.11,100,0,1.6,38,17.69,71.94,Mumbai,1,temperature_high,0,5.34,76,1.6,16.6,0
DEMO_NORMAL,2024-01-02T15:00:00,seafood,0.3,84.4,0.12,96,0,1.6,39,17.66,71.92,Mumbai,1,temperature_high,0,5.31,75,1.3,16.9,0
DEMO_NORMAL,2024-01-02T16:00:00,seafood,0.4,74.4,0.15,100,0,1.7,40,17.63,71.89,Mumbai,1,temperature_high,0,5.27,75,1.4,17.3,0
DEMO_NORMAL,2024-01-02T17:00:00,seafood,-0.2,88.5,0.11,96,1,1.7,41,17.59,71.87,Mumbai,1,door_open,0,5.27,75,0.8,17.3,0
DEMO_NORMAL,2024-01-02T18:00:00,seafood,-0.9,86.6,0.11,100,0,1.8,42,17.56,71.85,Mumbai,0,,-1,5.27,75,0.1,17.3,0
DEMO_NORMAL,2024-01-02T19:00:00,seafood,-2.0,74.0,0.17,97,0,1.8,43,17.53,71.82,Mumbai,0,,-1,5.27,75,-1.0,17.3,0
DEMO_NORMAL,2024-01-02T20:00:00,seafood,-2.3,84.7,0.09,100,0,1.8,44,17.5,71.8,Mumbai,1,temperature_low,0,5.24,74,-1.3,17.6,0
DEMO_NORMAL,2024-01-02T21:00:00,seafood,-2.1,72.1,0.06,100,0,1.9,45,17.46,71.78,Mumbai,1,temperature_low,0,5.23,74,-1.1,17.7,0
DEMO_NORMAL,2024-01-02T22:00:00,seafood,-2.3,79.6,0.1,95,0,1.9,46,17.43,71.75,Mumbai,1,temperature_low,0,5.2,74,-1.3,18.0,0
DEMO_NORMAL,2024-01-02T23:00:00,seafood,-3.0,90.4,0.06,100,0,2.0,47,17.4,71.73,Mumbai,1,temperature_low,0,5.1,72,-2.0,19.0,0
DEMO_NORMAL,2024-01-03T00:00:00,seafood,-2.5,82.6,0.08,100,0,2.0,48,17.36,71.7,Mumbai,1,temperature_low,0,5.05,72,-1.5,19.5,0
DEMO_NORMAL,2024-01-03T01:00:00,seafood,-3.3,78.7,0.13,100,0,2.0,49,17.33,71.68,Mumbai,1,temperature_low,0,4.92,70,-2.3,20.8,0
DEMO_NORMAL,2024-01-03T02:00:00,seafood,-3.0,90.9,0.11,95,0,2.1,50,17.3,71.66,Mumbai,1,temperature_low,0,4.82,68,-2.0,21.8,0
DEMO_NORMAL,2024-01-03T03:00:00,seafood,-2.2,74.8,0.09,100,0,2.1,51,17.27,71.63,Mumbai,1,temperature_low,0,4.8,68,-1.2,22.0,0
DEMO_NORMAL,2024-01-03T04:00:00,seafood,-2.3,89.3,0.08,96,0,2.2,52,17.23,71.61,Mumbai,1,temperature_low,0,4.77,68,-1.3,22.3,0
DEMO_NORMAL,2024-01-03T05:00:00,seafood,-2.0,73.2,0.09,99,0,2.2,53,17.2,71.59,Mumbai,0,,-1,4.77,68,-1.0,22.3,0
DEMO_NORMAL,2024-01-03T06:00:00,seafood,-0.6,80.0,0.16,100,0,2.2,54,17.17,71.56,Mumbai,0,,-1,4.77,68,0.4,22.3,0
DEMO_NORMAL,2024-01-03T07:00:00,seafood,-0.8,82.9,0.19,100,0,2.3,55,17.13,71.54,Mumbai,0,,-1,4.77,68,0.2,22.3,0
DEMO_NORMAL,2024-01-03T08:00:00,seafood,-0.3,69.8,0.11,96,0,2.3,56,17.1,71.51,Mumbai,0,,-1,4.77,68,0.7,22.3,0
DEMO_NORMAL,2024-01-03T09:00:00,seafood,0.8,77.2,0.07,99,0,2.4,57,17.07,71.49,Mumbai,1,temperature_high,0,4.69,67,1.8,23.1,0
DEMO_NORMAL,2024-01-03T10:00:00,seafood,0.3,74.5,0.09,96,0,2.4,58,17.04,71.47,Mumbai,1,temperature_high,0,4.66,66,1.3,23.4,0
DEMO_NORMAL,2024-01-03T11:00:00,seafood,1.2,84.0,0.15,99,0,2.5,59,17.0,71.44,Mumbai,1,temperature_high,0,4.54,64,2.2,24.6,0
DEMO_NORMAL,2024-01-03T12:00:00,seafood,0.5,69.6,0.17,100,0,2.5,60,16.97,71.42,Arabian Sea,1,temperature_high,0,4.49,64,1.5,25.1,0
DEMO_NORMAL,2024-01-03T13:00:00,seafood,1.1,79.2,0.12,100,0,2.5,61,16.94,71.4,Arabian Sea,1,temperature_high,0,4.38,62,2.1,26.2,0
DEMO_NORMAL,2024-01-03T14:00:00,seafood,0.9,67.2,0.2,100,0,2.6,62,16.9,71.37,Arabian Sea,1,temperature_high,0,4.29,61,1.9,27.1,0
DEMO_NORMAL,2024-01-03T15:00:00,seafood,0.1,87.8,0.17,100,0,2.6,63,16.87,71.35,Arabian Sea,1,temperature_high,0,4.28,61,1.1,27.2,0
DEMO_NORMAL,2024-01-03T16:00:00,seafood,0.3,69.3,0.19,100,0,2.7,64,16.84,71.33,Arabian Sea,1,temperature_high,0,4.25,60,1.3,27.5,0
DEMO_NORMAL,2024-01-03T17:00:00,seafood,-0.7,72.1,0.12,99,0,2.7,65,16.81,71.3,Arabian Sea,0,,-1,4.25,60,0.3,27.5,0
DEMO_NORMAL,2024-01-03T18:00:00,seafood,-1.4,75.7,0.08,100,0,2.8,66,16.77,71.28,Arabian Sea,0,,-1,4.25,60,-0.4,27.5,0
DEMO_NORMAL,2024-01-03T19:00:00,seafood,-1.3,83.6,0.18,95,0,2.8,67,16.74,71.25,Arabian Sea,0,,-1,4.25,60,-0.3,27.5,0
DEMO_NORMAL,2024-01-03T20:00:00,seafood,-1.5,71.6,0.16,100,0,2.8,68,16.71,71.23,Arabian Sea,0,,-1,4.25,60,-0.5,27.5,0
DEMO_NORMAL,2024-01-03T21:00:00,seafood,-2.4,82.5,0.19,97,0,2.9,69,16.67,71.21,Arabian Sea,1,temperature_low,0,4.21,60,-1.4,27.9,0
DEMO_NORMAL,2024-01-03T22:00:00,seafood,-2.9,83.0,0.16,95,0,2.9,70,16.64,71.18,Arabian Sea,1,temperature_low,0,4.12,58,-1.9,28.8,0
DEMO_NORMAL,2024-01-03T23:00:00,seafood,-2.7,83.4,0.11,100,0,3.0,71,16.61,71.16,Arabian Sea,1,temperature_low,0,4.05,57,-1.7,29.5,0
DEMO_NORMAL,2024-01-04T00:00:00,seafood,-2.7,87.3,0.2,96,0,3.0,72,16.58,71.14,Arabian Sea,1,temperature_low,0,3.98,56,-1.7,30.2,0
DEMO_NORMAL,2024-01-04T01:00:00,seafood,-3.3,80.5,0.07,100,0,3.0,73,16.54,71.11,Arabian Sea,1,temperature_low,0,3.85,54,-2.3,31.5,0
DEMO_NORMAL,2024-01-04T02:00:00,seafood,-2.9,78.9,0.15,95,0,3.1,74,16.51,71.09,Arabian Sea,1,temperature_low,0,3.76,53,-1.9,32.4,0
DEMO_NORMAL,2024-01-04T03:00:00,seafood,-2.5,90.1,0.15,98,0,3.1,75,16.48,71.06,Arabian Sea,1,temperature_low,0,3.71,53,-1.5,32.9,0
DEMO_NORMAL,2024-01-04T04:00:00,seafood,-2.5,74.1,0.19,97,0,3.2,76,16.44,71.04,Arabian Sea,1,temperature_low,0,3.66,52,-1.5,33.4,0
DEMO_NORMAL,2024-01-04T05:00:00,seafood,-1.8,71.7,0.2,96,0,3.2,77,16.41,71.02,Arabian Sea,0,,-1,3.66,52,-0.8,33.4,0
DEMO_NORMAL,2024-01-04T06:00:00,seafood,-0.9,74.8,0.07,96,0,3.2,78,16.38,70.99,Arabian Sea,0,,-1,3.66,52,0.1,33.4,0
DEMO_NORMAL,2024-01-04T07:00:00,seafood,-0.9,73.5,0.18,97,0,3.3,79,16.35,70.97,Arabian Sea,0,,-1,3.66,52,0.1,33.4,0
DEMO_NORMAL,2024-01-04T08:00:00,seafood,-0.3,75.4,0.16,100,0,3.3,80,16.31,70.95,Arabian Sea,0,,-1,3.66,52,0.7,33.4,0
DEMO_NORMAL,2024-01-04T09:00:00,seafood,-0.0,69.3,0.19,100,0,3.4,81,16.28,70.92,Arabian Sea,0,,-1,3.66,52,1.0,33.4,0
DEMO_NORMAL,2024-01-04T10:00:00,seafood,0.8,80.3,0.12,96,0,3.4,82,16.25,70.9,Arabian Sea,1,temperature_high,0,3.58,51,1.8,34.2,0
DEMO_NORMAL,2024-01-04T11:00:00,seafood,1.4,70.5,0.18,99,0,3.5,83,16.21,70.88,Arabian Sea,1,temperature_high,0,3.44,49,2.4,35.6,0
DEMO_NORMAL,2024-01-04T12:00:00,seafood,1.2,73.3,0.14,100,0,3.5,84,16.18,70.85,Arabian Sea,1,temperature_high,0,3.32,47,2.2,36.8,0
DEMO_NORMAL,2024-01-04T13:00:00,seafood,1.2,70.0,0.12,99,0,3.5,85,16.15,70.83,Arabian Sea,1,temperature_high,0,3.2,45,2.2,38.0,0
DEMO_NORMAL,2024-01-04T14:00:00,seafood,1.1,86.3,0.13,100,0,3.6,86,16.12,70.8,Arabian Sea,1,temperature_high,0,3.09,44,2.1,39.1,0
DEMO_NORMAL,2024-01-04T15:00:00,seafood,0.9,79.7,0.18,100,0,3.6,87,16.08,70.78,Arabian Sea,1,temperature_high,0,3.0,42,1.9,40.0,0
DEMO_NORMAL,2024-01-04T16:00:00,seafood,-0.1,86.9,0.11,100,0,3.7,88,16.05,70.76,Arabian Sea,0,,-1,3.0,42,0.9,40.0,0
DEMO_NORMAL,2024-01-04T17:00:00,seafood,-0.5,72.6,0.15,100,0,3.7,89,16.02,70.73,Arabian Sea,0,,-1,3.0,42,0.5,40.0,0
DEMO_NORMAL,2024-01-04T18:00:00,seafood,-0.9,79.5,0.1,99,0,3.8,90,15.98,70.71,Arabian Sea,0,,-1,3.0,42,0.1,40.0,0
DEMO_NORMAL,2024-01-04T19:00:00,seafood,-1.7,84.1,0.1,100,0,3.8,91,15.95,70.69,Arabian Sea,0,,-1,3.0,42,-0.7,40.0,0
DEMO_NORMAL,2024-01-04T20:00:00,seafood,-2.3,78.2,0.15,100,0,3.8,92,15.92,70.66,Arabian Sea,1,temperature_low,0,2.97,42,-1.3,40.3,0
DEMO_NORMAL,2024-01-04T21:00:00,seafood,-2.3,83.3,0.19,100,0,3.9,93,15.89,70.64,Arabian Sea,1,temperature_low,0,2.94,42,-1.3,40.6,0
DEMO_NORMAL,2024-01-04T22:00:00,seafood,-2.8,79.1,0.07,100,0,3.9,94,15.85,70.62,Arabian Sea,1,temperature_low,0,2.86,40,-1.8,41.4,0
DEMO_NORMAL,2024-01-04T23:00:00,seafood,-3.2,79.1,0.06,100,0,4.0,95,15.82,70.59,Arabian Sea,1,temperature_low,0,2.74,39,-2.2,42.6,0
DEMO_NORMAL,2024-01-05T00:00:00,seafood,-3.5,76.6,0.1,100,0,4.0,96,15.79,70.57,Arabian Sea,1,temperature_low,0,2.59,37,-2.5,44.1,0
DEMO_NORMAL,2024-01-05T01:00:00,seafood,-3.1,86.6,0.13,100,0,4.0,97,15.76,70.54,Arabian Sea,1,temperature_low,0,2.48,35,-2.1,45.2,0
DEMO_NORMAL,2024-01-05T02:00:00,seafood,-2.3,83.4,0.06,100,0,4.1,98,15.72,70.52,Arabian Sea,1,temperature_low,0,2.45,35,-1.3,45.5,0
DEMO_NORMAL,2024-01-05T03:00:00,seafood,-2.7,80.9,0.11,100,0,4.1,99,15.69,70.5,Arabian Sea,1,temperature_low,0,2.38,34,-1.7,46.2,0
DEMO_NORMAL,2024-01-05T04:00:00,seafood,-1.9,88.4,0.18,100,0,4.2,100,15.66,70.47,Arabian Sea,0,,-1,2.38,34,-0.9,46.2,0
DEMO_NORMAL,2024-01-05T05:00:00,seafood,-1.9,85.7,0.17,100,0,4.2,101,15.62,70.45,Arabian Sea,0,,-1,2.38,34,-0.9,46.2,0
DEMO_NORMAL,2024-01-05T06:00:00,seafood,-0.8,81.2,0.14,100,0,4.2,102,15.59,70.43,Arabian Sea,0,,-1,2.38,34,0.2,46.2,0
DEMO_NORMAL,2024-01-05T07:00:00,seafood,-0.3,84.8,0.1,100,0,4.3,103,15.56,70.4,Arabian Sea,0,,-1,2.38,34,0.7,46.2,0
DEMO_NORMAL,2024-01-05T08:00:00,seafood,-0.5,84.7,0.08,99,0,4.3,104,15.53,70.38,Arabian Sea,0,,-1,2.38,34,0.5,46.2,0
DEMO_NORMAL,2024-01-05T09:00:00,seafood,0.4,81.0,0.11,98,1,4.4,105,15.49,70.36,Arabian Sea,1,temperature_high,0,2.34,33,1.4,46.6,0
DEMO_NORMAL,2024-01-05T10:00:00,seafood,0.7,79.3,0.06,96,0,4.4,106,15.46,70.33,Arabian Sea,1,temperature_high,0,2.27,32,1.7,47.3,0
DEMO_NORMAL,2024-01-05T11:00:00,seafood,0.5,74.3,0.11,100,0,4.5,107,15.43,70.31,Arabian Sea,1,temperature_high,0,2.22,31,1.5,47.8,0
DEMO_NORMAL,2024-01-05T12:00:00,seafood,0.7,72.1,0.18,100,0,4.5,108,15.39,70.28,Arabian Sea,1,temperature_high,0,2.15,30,1.7,48.5,0
DEMO_NORMAL,2024-01-05T13:00:00,seafood,0.5,82.3,0.1,100,0,4.5,109,15.36,70.26,Arabian Sea,1,temperature_high,0,2.1,29,1.5,49.0,0
DEMO_NORMAL,2024-01-05T14:00:00,seafood,0.7,73.6,0.09,100,0,4.6,110,15.33,70.24,Arabian Sea,1,temperature_high,0,2.03,28,1.7,49.7,0
DEMO_NORMAL,2024-01-05T15:00:00,seafood,0.2,75.7,0.14,100,0,4.6,111,15.3,70.21,Arabian Sea,1,temperature_high,0,2.01,28,1.2,49.9,0
DEMO_NORMAL,2024-01-05T16:00:00,seafood,0.4,74.1,0.08,100,0,4.7,112,15.26,70.19,Arabian Sea,1,temperature_high,0,1.97,28,1.4,50.3,0
DEMO_NORMAL,2024-01-05T17:00:00,seafood,-0.8,88.2,0.11,100,0,4.7,113,15.23,70.17,Arabian Sea,0,,-1,1.97,28,0.2,50.3,0
DEMO_NORMAL,2024-01-05T18:00:00,seafood,-1.1,73.4,0.12,97,0,4.8,114,15.2,70.14,Arabian Sea,0,,-1,1.97,28,-0.1,50.3,0
DEMO_NORMAL,2024-01-05T19:00:00,seafood,-1.4,84.2,0.68,95,0,4.8,115,15.16,70.12,Arabian Sea,0,,-1,1.97,28,-0.4,50.3,0
DEMO_NORMAL,2024-01-05T20:00:00,seafood,-2.0,80.8,0.86,100,0,4.8,116,15.13,70.09,Arabian Sea,0,,-1,1.97,28,-1.0,50.3,0
DEMO_NORMAL,2024-01-05T21:00:00,seafood,-2.6,90.2,0.62,100,0,4.9,117,15.1,70.07,Arabian Sea,1,temperature_low,0,1.91,27,-1.6,50.9,0
DEMO_NORMAL,2024-01-05T22:00:00,seafood,-2.4,82.5,0.6,95,1,4.9,118,15.07,70.05,Arabian Sea,1,temperature_low,0,1.87,26,-1.4,51.3,0
DEMO_NORMAL,2024-01-05T23:00:00,seafood,-3.4,87.1,0.62,100,0,5.0,119,15.03,70.02,Arabian Sea,1,temperature_low,0,1.73,24,-2.4,52.7,0
DEMO_NORMAL,2024-01-06T00:00:00,seafood,-2.6,74.7,0.73,100,0,5.0,120,15.0,70.0,Arabian Sea,1,temperature_low,0,1.67,23,-1.6,53.3,0
DEMO_NORMAL,2024-01-06T01:00:00,seafood,-3.1,87.0,0.62,100,0,5.0,121,14.97,69.82,Arabian Sea,1,temperature_low,0,1.56,22,-2.1,54.4,0
DEMO_NORMAL,2024-01-06T02:00:00,seafood,-2.6,78.4,0.81,100,0,5.1,122,14.95,69.63,Arabian Sea,1,temperature_low,0,1.5,21,-1.6,55.0,0
DEMO_NORMAL,2024-01-06T03:00:00,seafood,-2.1,83.9,0.41,98,1,5.1,123,14.93,69.45,Arabian Sea,1,temperature_low,0,1.49,21,-1.1,55.1,0
DEMO_NORMAL,2024-01-06T04:00:00,seafood,-1.9,90.8,0.52,97,0,5.2,124,14.9,69.27,Arabian Sea,0,,-1,1.49,21,-0.9,55.1,0
DEMO_NORMAL,2024-01-06T05:00:00,seafood,-1.2,85.4,0.59,96,1,5.2,125,14.88,69.08,Arabian Sea,1,door_open,0,1.49,21,-0.2,55.1,0
DEMO_NORMAL,2024-01-06T06:00:00,seafood,-0.8,71.7,0.06,98,0,5.2,126,14.85,68.9,Arabian Sea,0,,-1,1.49,21,0.2,55.1,0
DEMO_NORMAL,2024-01-06T07:00:00,seafood,-0.0,82.4,0.07,100,0,5.3,127,14.82,68.72,Arabian Sea,0,,-1,1.49,21,1.0,55.1,0
DEMO_NORMAL,2024-01-06T08:00:00,seafood,-0.1,87.5,0.13,100,0,5.3,128,14.8,68.53,Arabian Sea,0,,-1,1.49,21,0.9,55.1,0
DEMO_NORMAL,2024-01-06T09:00:00,seafood,-0.0,79.2,0.1,98,0,5.4,129,14.78,68.35,Arabian Sea,0,,-1,1.49,21,1.0,55.1,0
DEMO_NORMAL,2024-01-06T10:00:00,seafood,1.1,75.9,0.08,100,0,5.4,130,14.75,68.17,Arabian Sea,1,temperature_high,0,1.38,19,2.1,56.2,0
DEMO_NORMAL,2024-01-06T11:00:00,seafood,1.3,84.0,0.12,100,0,5.5,131,14.72,67.98,Arabian Sea,1,temperature_high,0,1.25,17,2.3,57.5,0
DEMO_NORMAL,2024-01-06T12:00:00,seafood,1.3,69.6,0.11,100,0,5.5,132,14.7,67.8,Arabian Sea,1,temperature_high,0,1.12,15,2.3,58.8,0
DEMO_NORMAL,2024-01-06T13:00:00,seafood,0.7,71.8,0.14,100,0,5.5,133,14.68,67.62,Arabian Sea,1,temperature_high,0,1.05,14,1.7,59.5,0
DEMO_NORMAL,2024-01-06T14:00:00,seafood,0.3,71.9,0.18,97,0,5.6,134,14.65,67.43,Arabian Sea,1,temperature_high,0,1.02,14,1.3,59.8,0
DEMO_NORMAL,2024-01-06T15:00:00,seafood,0.5,69.1,0.06,97,0,5.6,135,14.62,67.25,Arabian Sea,1,temperature_high,0,0.97,13,1.5,60.3,0
DEMO_NORMAL,2024-01-06T16:00:00,seafood,-0.1,87.0,0.1,100,0,5.7,136,14.6,67.07,Arabian Sea,0,,-1,0.97,13,0.9,60.3,0
DEMO_NORMAL,2024-01-06T17:00:00,seafood,-0.2,74.4,0.11,100,0,5.7,137,14.57,66.88,Arabian Sea,0,,-1,0.97,13,0.8,60.3,0
DEMO_NORMAL,2024-01-06T18:00:00,seafood,-0.8,87.7,0.15,95,0,5.8,138,14.55,66.7,Arabian Sea,0,,-1,0.97,13,0.2,60.3,0
DEMO_NORMAL,2024-01-06T19:00:00,seafood,-1.3,89.1,0.1,100,0,5.8,139,14.53,66.52,Arabian Sea,0,,-1,0.97,13,-0.3,60.3,0
DEMO_NORMAL,2024-01-06T20:00:00,seafood,-1.7,89.3,0.07,100,0,5.8,140,14.5,66.33,Arabian Sea,0,,-1,0.97,13,-0.7,60.3,0
DEMO_NORMAL,2024-01-06T21:00:00,seafood,-2.8,85.8,0.09,95,0,5.9,141,14.47,66.15,Arabian Sea,1,temperature_low,0,0.89,12,-1.8,61.1,0
DEMO_NORMAL,2024-01-06T22:00:00,seafood,-3.0,78.3,0.06,99,0,5.9,142,14.45,65.97,Arabian Sea,1,temperature_low,0,0.79,11,-2.0,62.1,0
DEMO_NORMAL,2024-01-06T23:00:00,seafood,-2.7,80.9,0.16,100,0,6.0,143,14.43,65.78,Arabian Sea,1,temperature_low,0,0.72,10,-1.7,62.8,0
DEMO_NORMAL,2024-01-07T00:00:00,seafood,-3.3,84.3,0.19,100,0,6.0,144,14.4,65.6,Arabian Sea,1,temperature_low,0,0.59,8,-2.3,64.1,0
DEMO_NORMAL,2024-01-07T01:00:00,seafood,-2.7,74.4,0.19,98,0,6.0,145,14.38,65.42,Arabian Sea,1,temperature_low,0,0.52,7,-1.7,64.8,0
DEMO_NORMAL,2024-01-07T02:00:00,seafood,-2.7,81.4,0.17,100,0,6.1,146,14.35,65.23,Arabian Sea,1,temperature_low,0,0.45,6,-1.7,65.5,0
DEMO_NORMAL,2024-01-07T03:00:00,seafood,-2.1,78.2,0.09,95,0,6.1,147,14.32,65.05,Arabian Sea,1,temperature_low,0,0.44,6,-1.1,65.6,0
DEMO_NORMAL,2024-01-07T04:00:00,seafood,-1.7,78.4,0.07,100,0,6.2,148,14.3,64.87,Arabian Sea,0,,-1,0.44,6,-0.7,65.6,0
DEMO_NORMAL,2024-01-07T05:00:00,seafood,-1.9,88.1,0.06,100,0,6.2,149,14.28,64.68,Arabian Sea,0,,-1,0.44,6,-0.9,65.6,0
DEMO_NORMAL,2024-01-07T06:00:00,seafood,-1.2,78.6,0.2,99,0,6.2,150,14.25,64.5,Arabian Sea,0,,-1,0.44,6,-0.2,65.6,0
DEMO_NORMAL,2024-01-07T07:00:00,seafood,-0.2,70.3,0.15,95,0,6.3,151,14.22,64.32,Arabian Sea,0,,-1,0.44,6,0.8,65.6,0
DEMO_NORMAL,2024-01-07T08:00:00,seafood,-0.5,79.1,0.2,95,0,6.3,152,14.2,64.13,Arabian Sea,0,,-1,0.44,6,0.5,65.6,0
DEMO_NORMAL,2024-01-07T09:00:00,seafood,0.3,70.5,0.17,97,0,6.4,153,14.18,63.95,Arabian Sea,1,temperature_high,0,0.41,5,1.3,65.9,0
DEMO_NORMAL,2024-01-07T10:00:00,seafood,0.9,72.9,0.1,100,0,6.4,154,14.15,63.77,Arabian Sea,1,temperature_high,0,0.32,4,1.9,66.8,0
DEMO_NORMAL,2024-01-07T11:00:00,seafood,0.7,80.8,0.13,97,0,6.5,155,14.12,63.58,Arabian Sea,1,temperature_high,0,0.25,3,1.7,67.5,0
DEMO_NORMAL,2024-01-07T12:00:00,seafood,1.5,80.8,0.14,97,0,6.5,156,14.1,63.4,Arabian Sea,1,temperature_high,0,0.1,1,2.5,69.0,0
DEMO_NORMAL,2024-01-07T13:00:00,seafood,1.4,66.8,0.1,95,0,6.5,157,14.07,63.22,Arabian Sea,1,temperature_high,0,0,0,2.4,70.4,0
DEMO_NORMAL,2024-01-07T14:00:00,seafood,0.7,71.2,0.13,100,0,6.6,158,14.05,63.03,Arabian Sea,1,temperature_high,0,0,0,1.7,71.1,0
DEMO_NORMAL,2024-01-07T15:00:00,seafood,0.1,80.4,0.16,100,0,6.6,159,14.03,62.85,Arabian Sea,1,temperature_high,0,0,0,1.1,71.2,0
DEMO_NORMAL,2024-01-07T16:00:00,seafood,-0.3,72.1,0.18,100,0,6.7,160,14.0,62.67,Arabian Sea,0,,-1,0,0,0.7,71.2,0
DEMO_NORMAL,2024-01-07T17:00:00,seafood,-0.9,75.0,0.06,98,0,6.7,161,13.97,62.48,Arabian Sea,0,,-1,0,0,0.1,71.2,0
DEMO_NORMAL,2024-01-07T18:00:00,seafood,-1.3,85.8,0.15,97,0,6.8,162,13.95,62.3,Arabian Sea,0,,-1,0,0,-0.3,71.2,0
DEMO_NORMAL,2024-01-07T19:00:00,seafood,-2.0,71.7,0.14,100,0,6.8,163,13.93,62.12,Arabian Sea,0,,-1,0,0,-1.0,71.2,0
DEMO_NORMAL,2024-01-07T20:00:00,seafood,-2.3,91.2,0.16,100,0,6.8,164,13.9,61.93,Arabian Sea,1,temperature_low,0,0,0,-1.3,71.5,0
DEMO_NORMAL,2024-01-07T21:00:00,seafood,-2.3,72.8,0.08,100,0,6.9,165,13.88,61.75,Arabian Sea,1,temperature_low,0,0,0,-1.3,71.8,0
DEMO_NORMAL,2024-01-07T22:00:00,seafood,-2.4,86.6,0.12,95,0,6.9,166,13.85,61.57,Arabian Sea,1,temperature_low,0,0,0,-1.4,72.2,0
DEMO_NORMAL,2024-01-07T23:00:00,seafood,-3.2,81.6,0.07,95,0,7.0,167,13.82,61.38,Arabian Sea,1,temperature_low,0,0,0,-2.2,73.4,0
DEMO_NORMAL,2024-01-08T00:00:00,seafood,-2.6,74.4,0.06,95,0,7.0,168,13.8,61.2,Arabian Sea,1,temperature_low,0,0,0,-1.6,74.0,0
DEMO_NORMAL,2024-01-08T01:00:00,seafood,-2.6,82.0,0.11,100,0,7.0,169,13.78,61.02,Arabian Sea,1,temperature_low,0,0,0,-1.6,74.6,0
DEMO_NORMAL,2024-01-08T02:00:00,seafood,-3.1,74.6,0.1,100,0,7.1,170,13.75,60.83,Arabian Sea,1,temperature_low,0,0,0,-2.1,75.7,0
DEMO_NORMAL,2024-01-08T03:00:00,seafood,-2.0,85.7,0.18,95,0,7.1,171,13.72,60.65,Arabian Sea,0,,-1,0,0,-1.0,75.7,0
DEMO_NORMAL,2024-01-08T04:00:00,seafood,-2.1,88.5,0.09,100,0,7.2,172,13.7,60.47,Arabian Sea,1,temperature_low,0,0,0,-1.1,75.8,0
DEMO_NORMAL,2024-01-08T05:00:00,seafood,-1.3,74.5,0.07,100,0,7.2,173,13.68,60.28,Arabian Sea,0,,-1,0,0,-0.3,75.8,0
DEMO_NORMAL,2024-01-08T06:00:00,seafood,-0.9,85.3,0.05,96,0,7.2,174,13.65,60.1,Arabian Sea,0,,-1,0,0,0.1,75.8,0
DEMO_NORMAL,2024-01-08T07:00:00,seafood,-0.5,86.9,0.11,100,0,7.3,175,13.62,59.92,Arabian Sea,0,,-1,0,0,0.5,75.8,0
DEMO_NORMAL,2024-01-08T08:00:00,seafood,0.2,74.0,0.11,97,0,7.3,176,13.6,59.73,Arabian Sea,1,temperature_high,0,0,0,1.2,76.0,0
DEMO_NORMAL,2024-01-08T09:00:00,seafood,0.1,72.7,0.16,100,0,7.4,177,13.57,59.55,Arabian Sea,1,temperature_high,0,0,0,1.1,76.1,0
DEMO_NORMAL,2024-01-08T10:00:00,seafood,0.7,77.5,0.18,100,0,7.4,178,13.55,59.37,Arabian Sea,1,temperature_high,0,0,0,1.7,76.8,0
DEMO_NORMAL,2024-01-08T11:00:00,seafood,0.8,70.9,0.06,97,0,7.5,179,13.53,59.18,Arabian Sea,1,temperature_high,0,0,0,1.8,77.6,0
DEMO_NORMAL,2024-01-08T12:00:00,seafood,0.7,84.9,0.12,100,0,7.5,180,13.5,59.0,Gulf of Aden,1,temperature_high,0,0,0,1.7,78.3,0
DEMO_NORMAL,2024-01-08T13:00:00,seafood,0.9,75.7,0.17,99,0,7.5,181,13.47,58.82,Gulf of Aden,1,temperature_high,0,0,0,1.9,79.2,0
DEMO_NORMAL,2024-01-08T14:00:00,seafood,0.7,76.3,0.08,99,0,7.6,182,13.45,58.63,Gulf of Aden,1,temperature_high,0,0,0,1.7,79.9,0
DEMO_NORMAL,2024-01-08T15:00:00,seafood,0.2,68.7,0.16,96,0,7.6,183,13.43,58.45,Gulf of Aden,1,temperature_high,0,0,0,1.2,80.1,0
DEMO_NORMAL,2024-01-08T16:00:00,seafood,0.1,79.0,0.13,99,0,7.7,184,13.4,58.27,Gulf of Aden,1,temperature_high,0,0,0,1.1,80.2,0
DEMO_NORMAL,2024-01-08T17:00:00,seafood,-0.6,84.5,0.18,100,0,7.7,185,13.38,58.08,Gulf of Aden,0,,-1,0,0,0.4,80.2,0
DEMO_NORMAL,2024-01-08T18:00:00,seafood,-0.5,85.3,0.13,97,0,7.8,186,13.35,57.9,Gulf of Aden,0,,-1,0,0,0.5,80.2,0
DEMO_NORMAL,2024-01-08T19:00:00,seafood,-1.9,90.5,0.15,98,0,7.8,187,13.32,57.72,Gulf of Aden,0,,-1,0,0,-0.9,80.2,0
DEMO_NORMAL,2024-01-08T20:00:00,seafood,-2.4,74.1,0.05,100,0,7.8,188,13.3,57.53,Gulf of Aden,1,temperature_low,0,0,0,-1.4,80.6,0
DEMO_NORMAL,2024-01-08T21:00:00,seafood,-2.2,83.4,0.13,97,0,7.9,189,13.28,57.35,Gulf of Aden,1,temperature_low,0,0,0,-1.2,80.8,0
DEMO_NORMAL,2024-01-08T22:00:00,seafood,-2.7,81.4,0.15,95,0,7.9,190,13.25,57.17,Gulf of Aden,1,temperature_low,0,0,0,-1.7,81.5,0
DEMO_NORMAL,2024-01-08T23:00:00,seafood,-2.6,73.6,0.2,99,0,8.0,191,13.22,56.98,Gulf of Aden,1,temperature_low,0,0,0,-1.6,82.1,0
DEMO_NORMAL,2024-01-09T00:00:00,seafood,-2.6,77.7,0.18,96,0,8.0,192,13.2,56.8,Gulf of Aden,1,temperature_low,0,0,0,-1.6,82.7,0
DEMO_NORMAL,2024-01-09T01:00:00,seafood,-3.0,92.0,0.13,100,0,8.0,193,13.18,56.62,Gulf of Aden,1,temperature_low,0,0,0,-2.0,83.7,0
DEMO_NORMAL,2024-01-09T02:00:00,seafood,-2.9,80.4,0.17,96,0,8.1,194,13.15,56.43,Gulf of Aden,1,temperature_low,0,0,0,-1.9,84.6,0
DEMO_NORMAL,2024-01-09T03:00:00,seafood,-2.7,80.4,0.12,98,0,8.1,195,13.12,56.25,Gulf of Aden,1,temperature_low,0,0,0,-1.7,85.3,0
DEMO_NORMAL,2024-01-09T04:00:00,seafood,-2.2,76.5,0.09,97,0,8.2,196,13.1,56.07,Gulf of Aden,1,temperature_low,0,0,0,-1.2,85.5,0
DEMO_NORMAL,2024-01-09T05:00:00,seafood,-1.1,89.1,0.09,100,0,8.2,197,13.07,55.88,Gulf of Aden,0,,-1,0,0,-0.1,85.5,0
DEMO_NORMAL,2024-01-09T06:00:00,seafood,-0.7,88.7,0.09,95,0,8.2,198,13.05,55.7,Gulf of Aden,0,,-1,0,0,0.3,85.5,0
DEMO_NORMAL,2024-01-09T07:00:00,seafood,-0.6,76.2,0.08,98,0,8.3,199,13.03,55.52,Gulf of Aden,0,,-1,0,0,0.4,85.5,0
DEMO_NORMAL,2024-01-09T08:00:00,seafood,-0.1,81.1,0.11,95,0,8.3,200,13.0,55.33,Gulf of Aden,0,,-1,0,0,0.9,85.5,0
DEMO_NORMAL,2024-01-09T09:00:00,seafood,0.2,78.4,0.18,95,0,8.4,201,12.97,55.15,Gulf of Aden,1,temperature_high,0,0,0,1.2,85.7,0
DEMO_NORMAL,2024-01-09T10:00:00,seafood,0.3,75.5,0.12,99,0,8.4,202,12.95,54.97,Gulf of Aden,1,temperature_high,0,0,0,1.3,86.0,0
DEMO_NORMAL,2024-01-09T11:00:00,seafood,1.0,77.8,0.07,100,0,8.5,203,12.93,54.78,Gulf of Aden,1,temperature_high,0,0,0,2.0,87.0,0
DEMO_NORMAL,2024-01-09T12:00:00,seafood,0.7,68.5,0.11,98,0,8.5,204,12.9,54.6,Gulf of Aden,1,temperature_high,0,0,0,1.7,87.7,0
DEMO_NORMAL,2024-01-09T13:00:00,seafood,1.2,81.3,0.07,100,0,8.5,205,12.88,54.42,Gulf of Aden,1,temperature_high,0,0,0,2.2,88.9,0
DEMO_NORMAL,2024-01-09T14:00:00,seafood,1.1,76.0,0.17,97,0,8.6,206,12.85,54.23,Gulf of Aden,1,temperature_high,0,0,0,2.1,90.0,0
DEMO_NORMAL,2024-01-09T15:00:00,seafood,0.5,72.9,0.12,100,0,8.6,207,12.82,54.05,Gulf of Aden,1,temperature_high,0,0,0,1.5,90.5,0
DEMO_NORMAL,2024-01-09T16:00:00,seafood,-0.1,73.6,0.2,100,0,8.7,208,12.8,53.87,Gulf of Aden,0,,-1,0,0,0.9,90.5,0
DEMO_NORMAL,2024-01-09T17:00:00,seafood,-0.2,71.4,0.16,100,0,8.7,209,12.78,53.68,Gulf of Aden,0,,-1,0,0,0.8,90.5,0
DEMO_NORMAL,2024-01-09T18:00:00,seafood,-1.1,79.2,0.08,100,0,8.8,210,12.75,53.5,Gulf of Aden,0,,-1,0,0,-0.1,90.5,0
DEMO_NORMAL,2024-01-09T19:00:00,seafood,-1.2,70.9,0.09,100,0,8.8,211,12.72,53.32,Gulf of Aden,0,,-1,0,0,-0.2,90.5,0
DEMO_NORMAL,2024-01-09T20:00:00,seafood,-1.6,82.2,0.13,95,0,8.8,212,12.7,53.13,Gulf of Aden,0,,-1,0,0,-0.6,90.5,0
DEMO_NORMAL,2024-01-09T21:00:00,seafood,-2.4,87.1,0.18,96,0,8.9,213,12.68,52.95,Gulf of Aden,1,temperature_low,0,0,0,-1.4,90.9,0
DEMO_NORMAL,2024-01-09T22:00:00,seafood,-2.8,78.1,0.18,100,0,8.9,214,12.65,52.77,Gulf of Aden,1,temperature_low,0,0,0,-1.8,91.7,0
DEMO_NORMAL,2024-01-09T23:00:00,seafood,-2.6,89.3,0.11,97,1,9.0,215,12.62,52.58,Gulf of Aden,1,temperature_low,0,0,0,-1.6,92.3,0
DEMO_NORMAL,2024-01-10T00:00:00,seafood,-3.3,74.0,0.1,100,0,9.0,216,12.6,52.4,Gulf of Aden,1,temperature_low,0,0,0,-2.3,93.6,0
DEMO_NORMAL,2024-01-10T01:00:00,seafood,-3.4,92.2,0.07,100,0,9.0,217,12.57,52.22,Gulf of Aden,1,temperature_low,0,0,0,-2.4,95.0,0
DEMO_NORMAL,2024-01-10T02:00:00,seafood,-2.6,80.4,0.11,97,0,9.1,218,12.55,52.03,Gulf of Aden,1,temperature_low,0,0,0,-1.6,95.6,0
DEMO_NORMAL,2024-01-10T03:00:00,seafood,-2.6,85.9,0.16,97,0,9.1,219,12.53,51.85,Gulf of Aden,1,temperature_low,0,0,0,-1.6,96.2,0
DEMO_NORMAL,2024-01-10T04:00:00,seafood,-1.8,72.5,0.15,100,0,9.2,220,12.5,51.67,Gulf of Aden,0,,-1,0,0,-0.8,96.2,0
DEMO_NORMAL,2024-01-10T05:00:00,seafood,-1.3,80.0,0.1,100,0,9.2,221,12.47,51.48,Gulf of Aden,0,,-1,0,0,-0.3,96.2,0
DEMO_NORMAL,2024-01-10T06:00:00,seafood,-1.2,75.7,0.15,100,0,9.2,222,12.45,51.3,Gulf of Aden,0,,-1,0,0,-0.2,96.2,0
DEMO_NORMAL,2024-01-10T07:00:00,seafood,-0.3,75.2,0.12,95,0,9.3,223,12.43,51.12,Gulf of Aden,0,,-1,0,0,0.7,96.2,0
DEMO_NORMAL,2024-01-10T08:00:00,seafood,0.1,77.9,0.19,99,0,9.3,224,12.4,50.93,Gulf of Aden,1,temperature_high,0,0,0,1.1,96.3,0
DEMO_NORMAL,2024-01-10T09:00:00,seafood,0.1,85.8,0.19,99,0,9.4,225,12.38,50.75,Gulf of Aden,1,temperature_high,0,0,0,1.1,96.4,0
DEMO_NORMAL,2024-01-10T10:00:00,seafood,1.1,85.7,0.12,100,0,9.4,226,12.35,50.57,Gulf of Aden,1,temperature_high,0,0,0,2.1,97.5,0
DEMO_NORMAL,2024-01-10T11:00:00,seafood,1.1,77.1,0.15,95,0,9.5,227,12.32,50.38,Gulf of Aden,1,temperature_high,0,0,0,2.1,98.6,0
DEMO_NORMAL,2024-01-10T12:00:00,seafood,0.9,84.1,0.09,98,0,9.5,228,12.3,50.2,Gulf of Aden,1,temperature_high,0,0,0,1.9,99.5,0
DEMO_NORMAL,2024-01-10T13:00:00,seafood,0.8,68.1,0.05,100,0,9.5,229,12.28,50.02,Gulf of Aden,1,temperature_high,0,0,0,1.8,100.3,0
DEMO_NORMAL,2024-01-10T14:00:00,seafood,0.3,83.3,0.08,98,0,9.6,230,12.25,49.83,Gulf of Aden,1,temperature_high,0,0,0,1.3,100.6,0
DEMO_NORMAL,2024-01-10T15:00:00,seafood,0.5,80.0,0.19,100,0,9.6,231,12.22,49.65,Gulf of Aden,1,temperature_high,0,0,0,1.5,101.1,0
DEMO_NORMAL,2024-01-10T16:00:00,seafood,-0.1,70.6,0.17,100,0,9.7,232,12.2,49.47,Gulf of Aden,0,,-1,0,0,0.9,101.1,0
DEMO_NORMAL,2024-01-10T17:00:00,seafood,-0.5,84.6,0.17,100,0,9.7,233,12.18,49.28,Gulf of Aden,0,,-1,0,0,0.5,101.1,0
DEMO_NORMAL,2024-01-10T18:00:00,seafood,-0.8,69.8,0.16,96,0,9.8,234,12.15,49.1,Gulf of Aden,0,,-1,0,0,0.2,101.1,0
DEMO_NORMAL,2024-01-10T19:00:00,seafood,-1.2,78.5,0.44,99,0,9.8,235,12.12,48.92,Gulf of Aden,0,,-1,0,0,-0.2,101.1,0
DEMO_NORMAL,2024-01-10T20:00:00,seafood,-2.3,74.9,0.6,100,0,9.8,236,12.1,48.73,Gulf of Aden,1,temperature_low,0,0,0,-1.3,101.4,0
DEMO_NORMAL,2024-01-10T21:00:00,seafood,-2.4,81.7,0.53,96,0,9.9,237,12.07,48.55,Gulf of Aden,1,temperature_low,0,0,0,-1.4,101.8,0
DEMO_NORMAL,2024-01-10T22:00:00,seafood,-3.0,87.0,0.86,95,0,9.9,238,12.05,48.37,Gulf of Aden,1,temperature_low,0,0,0,-2.0,102.8,0
DEMO_NORMAL,2024-01-10T23:00:00,seafood,-2.8,89.9,0.73,100,0,10.0,239,12.03,48.18,Gulf of Aden,1,temperature_low,0,0,0,-1.8,103.6,0
DEMO_NORMAL,2024-01-11T00:00:00,seafood,-3.3,89.6,0.67,100,0,10.0,240,12.0,48.0,Gulf of Aden,1,temperature_low,0,0,0,-2.3,104.9,0
DEMO_NORMAL,2024-01-11T01:00:00,seafood,-3.2,76.0,0.73,99,0,10.0,241,12.07,47.92,Gulf of Aden,1,temperature_low,0,0,0,-2.2,106.1,0.12
DEMO_NORMAL,2024-01-11T02:00:00,seafood,-2.7,87.9,0.73,100,0,10.1,242,12.13,47.83,Gulf of Aden,1,temperature_low,0,0,0,-1.7,106.8,0.25
DEMO_NORMAL,2024-01-11T03:00:00,seafood,-2.8,91.3,0.9,100,1,10.1,243,12.2,47.75,Gulf of Aden,1,temperature_low,0,0,0,-1.8,107.6,0.38
DEMO_NORMAL,2024-01-11T04:00:00,seafood,-1.6,88.0,0.76,100,0,10.2,244,12.27,47.67,Gulf of Aden,0,,-1,0,0,-0.6,107.6,0.5
DEMO_NORMAL,2024-01-11T05:00:00,seafood,-1.8,73.6,0.69,96,0,10.2,245,12.33,47.58,Gulf of Aden,0,,-1,0,0,-0.8,107.6,0.62
DEMO_NORMAL,2024-01-11T06:00:00,seafood,-1.3,70.8,0.16,100,0,10.2,246,12.4,47.5,Gulf of Aden,0,,-1,0,0,-0.3,107.6,0.75
DEMO_NORMAL,2024-01-11T07:00:00,seafood,-0.0,73.6,0.17,100,0,10.3,247,12.47,47.42,Gulf of Aden,0,,-1,0,0,1.0,107.6,0.88
DEMO_NORMAL,2024-01-11T08:00:00,seafood,0.5,84.7,0.15,99,0,10.3,248,12.53,47.33,Gulf of Aden,1,temperature_high,0,0,0,1.5,108.1,1.0
DEMO_NORMAL,2024-01-11T09:00:00,seafood,0.8,67.7,0.1,100,0,10.4,249,12.6,47.25,Gulf of Aden,1,temperature_high,0,0,0,1.8,108.9,1.12
DEMO_NORMAL,2024-01-11T10:00:00,seafood,0.9,82.0,0.11,98,0,10.4,250,12.67,47.17,Gulf of Aden,1,temperature_high,0,0,0,1.9,109.8,1.25
DEMO_NORMAL,2024-01-11T11:00:00,seafood,0.9,77.1,0.06,100,0,10.5,251,12.73,47.08,Gulf of Aden,1,temperature_high,0,0,0,1.9,110.7,1.38
DEMO_NORMAL,2024-01-11T12:00:00,seafood,1.3,74.1,0.08,97,0,10.5,252,12.8,47.0,Gulf of Aden,1,temperature_high,0,0,0,2.3,112.0,1.5
DEMO_NORMAL,2024-01-11T13:00:00,seafood,0.6,82.7,0.12,94,0,10.5,253,12.87,46.92,Gulf of Aden,1,temperature_high,0,0,0,1.6,112.6,1.62
DEMO_NORMAL,2024-01-11T14:00:00,seafood,1.3,68.7,0.19,100,0,10.6,254,12.93,46.83,Gulf of Aden,1,temperature_high,0,0,0,2.3,113.9,1.75
DEMO_NORMAL,2024-01-11T15:00:00,seafood,0.8,74.9,0.18,100,0,10.6,255,13.0,46.75,Gulf of Aden,1,temperature_high,0,0,0,1.8,114.7,1.88
DEMO_NORMAL,2024-01-11T16:00:00,seafood,-0.1,80.9,0.19,100,0,10.7,256,13.07,46.67,Gulf of Aden,0,,-1,0,0,0.9,114.7,2.0
DEMO_NORMAL,2024-01-11T17:00:00,seafood,0.1,80.7,0.07,93,0,10.7,257,13.13,46.58,Gulf of Aden,1,temperature_high,0,0,0,1.1,114.8,2.12
DEMO_NORMAL,2024-01-11T18:00:00,seafood,-1.2,80.1,0.12,99,1,10.8,258,13.2,46.5,Gulf of Aden,1,door_open,0,0,0,-0.2,114.8,2.25
DEMO_NORMAL,2024-01-11T19:00:00,seafood,-1.4,90.4,0.18,94,0,10.8,259,13.27,46.42,Gulf of Aden,0,,-1,0,0,-0.4,114.8,2.38
DEMO_NORMAL,2024-01-11T20:00:00,seafood,-1.6,90.5,0.18,92,0,10.8,260,13.33,46.33,Gulf of Aden,0,,-1,0,0,-0.6,114.8,2.5
DEMO_NORMAL,2024-01-11T21:00:00,seafood,-2.7,87.8,0.06,98,0,10.9,261,13.4,46.25,Gulf of Aden,1,temperature_low,0,0,0,-1.7,115.5,2.62
DEMO_NORMAL,2024-01-11T22:00:00,seafood,-2.4,84.8,0.12,92,0,10.9,262,13.47,46.17,Gulf of Aden,1,temperature_low,0,0,0,-1.4,115.9,2.75
DEMO_NORMAL,2024-01-11T23:00:00,seafood,-3.0,83.5,0.09,100,0,11.0,263,13.53,46.08,Gulf of Aden,1,temperature_low,0,0,0,-2.0,116.9,2.88
DEMO_NORMAL,2024-01-12T00:00:00,seafood,-3.1,80.8,0.16,94,0,11.0,264,13.6,46.0,Gulf of Aden,1,temperature_low,0,0,0,-2.1,118.0,3.0
DEMO_NORMAL,2024-01-12T01:00:00,seafood,-2.5,77.1,0.18,92,0,11.0,265,13.67,45.92,Gulf of Aden,1,temperature_low,0,0,0,-1.5,118.5,3.12
DEMO_NORMAL,2024-01-12T02:00:00,seafood,-2.7,76.5,0.16,100,0,11.1,266,13.73,45.83,Gulf of Aden,1,temperature_low,0,0,0,-1.7,119.2,3.25
DEMO_NORMAL,2024-01-12T03:00:00,seafood,-1.7,77.4,0.16,94,0,11.1,267,13.8,45.75,Gulf of Aden,0,,-1,0,0,-0.7,119.2,3.38
DEMO_NORMAL,2024-01-12T04:00:00,seafood,-1.4,81.9,0.13,99,0,11.2,268,13.87,45.67,Gulf of Aden,0,,-1,0,0,-0.4,119.2,3.5
DEMO_NORMAL,2024-01-12T05:00:00,seafood,-1.2,72.5,0.13,99,0,11.2,269,13.93,45.58,Gulf of Aden,0,,-1,0,0,-0.2,119.2,3.62
DEMO_NORMAL,2024-01-12T06:00:00,seafood,-0.8,70.7,0.19,99,0,11.2,270,14.0,45.5,Gulf of Aden,0,,-1,0,0,0.2,119.2,3.75
DEMO_NORMAL,2024-01-12T07:00:00,seafood,-0.1,85.3,0.11,97,0,11.3,271,14.07,45.42,Gulf of Aden,0,,-1,0,0,0.9,119.2,3.88
DEMO_NORMAL,2024-01-12T08:00:00,seafood,-0.0,87.3,0.19,94,0,11.3,272,14.13,45.33,Gulf of Aden,0,,-1,0,0,1.0,119.2,4.0
DEMO_NORMAL,2024-01-12T09:00:00,seafood,0.4,83.0,0.15,100,0,11.4,273,14.2,45.25,Gulf of Aden,1,temperature_high,0,0,0,1.4,119.6,4.12
DEMO_NORMAL,2024-01-12T10:00:00,seafood,1.0,68.2,0.07,93,0,11.4,274,14.27,45.17,Gulf of Aden,1,temperature_high,0,0,0,2.0,120.6,4.25
DEMO_NORMAL,2024-01-12T11:00:00,seafood,1.5,72.1,0.07,93,0,11.5,275,14.33,45.08,Gulf of Aden,1,temperature_high,0,0,0,2.5,122.1,4.38
DEMO_NORMAL,2024-01-12T12:00:00,seafood,1.1,84.2,0.06,99,0,11.5,276,14.4,45.0,Gulf of Aden,1,temperature_high,0,0,0,2.1,123.2,4.5
DEMO_NORMAL,2024-01-12T13:00:00,seafood,1.1,80.8,0.14,98,0,11.5,277,14.47,44.92,Gulf of Aden,1,temperature_high,0,0,0,2.1,124.3,4.62
DEMO_NORMAL,2024-01-12T14:00:00,seafood,1.3,67.0,0.16,97,0,11.6,278,14.53,44.83,Gulf of Aden,1,temperature_high,0,0,0,2.3,125.6,4.75
DEMO_NORMAL,2024-01-12T15:00:00,seafood,0.5,70.3,0.09,91,0,11.6,279,14.6,44.75,Gulf of Aden,1,temperature_high,0,0,0,1.5,126.1,4.88
DEMO_NORMAL,2024-01-12T16:00:00,seafood,0.0,72.8,0.09,97,0,11.7,280,14.67,44.67,Gulf of Aden,0,,-1,0,0,1.0,126.1,5.0
DEMO_NORMAL,2024-01-12T17:00:00,seafood,-0.2,85.3,0.05,98,0,11.7,281,14.73,44.58,Gulf of Aden,0,,-1,0,0,0.8,126.1,5.12
DEMO_NORMAL,2024-01-12T18:00:00,seafood,-0.9,82.6,0.12,91,0,11.8,282,14.8,44.5,Gulf of Aden,0,,-1,0,0,0.1,126.1,5.25
DEMO_NORMAL,2024-01-12T19:00:00,seafood,-1.3,85.5,0.13,92,0,11.8,283,14.87,44.42,Gulf of Aden,0,,-1,0,0,-0.3,126.1,5.38
DEMO_NORMAL,2024-01-12T20:00:00,seafood,-2.1,90.9,0.11,98,0,11.8,284,14.93,44.33,Gulf of Aden,1,temperature_low,0,0,0,-1.1,126.2,5.5
DEMO_NORMAL,2024-01-12T21:00:00,seafood,-2.3,72.1,0.17,92,0,11.9,285,15.0,44.25,Gulf of Aden,1,temperature_low,0,0,0,-1.3,126.5,5.62
DEMO_NORMAL,2024-01-12T22:00:00,seafood,-2.3,76.7,0.09,95,0,11.9,286,15.07,44.17,Gulf of Aden,1,temperature_low,0,0,0,-1.3,126.8,5.75
DEMO_NORMAL,2024-01-12T23:00:00,seafood,-2.2,88.3,0.08,95,0,12.0,287,15.13,44.08,Gulf of Aden,1,temperature_low,0,0,0,-1.2,127.0,5.88
DEMO_NORMAL,2024-01-13T00:00:00,seafood,-3.1,77.5,0.08,97,0,12.0,288,15.2,44.0,Gulf of Aden,1,temperature_low,0,0,0,-2.1,128.1,6.0
DEMO_NORMAL,2024-01-13T01:00:00,seafood,-2.7,84.3,0.14,98,0,12.0,289,15.27,43.92,Gulf of Aden,1,temperature_low,0,0,0,-1.7,128.8,6.12
DEMO_NORMAL,2024-01-13T02:00:00,seafood,-1.9,89.9,0.19,96,0,12.1,290,15.33,43.83,Gulf of Aden,0,,-1,0,0,-0.9,128.8,6.25
DEMO_NORMAL,2024-01-13T03:00:00,seafood,-2.4,85.2,0.06,89,0,12.1,291,15.4,43.75,Gulf of Aden,1,temperature_low,0,0,0,-1.4,129.2,6.38
DEMO_NORMAL,2024-01-13T04:00:00,seafood,-1.2,71.7,0.16,98,0,12.2,292,15.47,43.67,Gulf of Aden,0,,-1,0,0,-0.2,129.2,6.5
DEMO_NORMAL,2024-01-13T05:00:00,seafood,-1.5,85.0,0.12,93,0,12.2,293,15.53,43.58,Gulf of Aden,0,,-1,0,0,-0.5,129.2,6.62
DEMO_NORMAL,2024-01-13T06:00:00,seafood,-0.9,72.2,0.09,92,0,12.2,294,15.6,43.5,Gulf of Aden,0,,-1,0,0,0.1,129.2,6.75
DEMO_NORMAL,2024-01-13T07:00:00,seafood,0.3,71.4,0.16,93,0,12.3,295,15.67,43.42,Gulf of Aden,1,temperature_high,0,0,0,1.3,129.5,6.88
DEMO_NORMAL,2024-01-13T08:00:00,seafood,0.6,68.9,0.05,96,0,12.3,296,15.73,43.33,Gulf of Aden,1,temperature_high,0,0,0,1.6,130.1,7.0
DEMO_NORMAL,2024-01-13T09:00:00,seafood,1.2,67.8,0.13,96,0,12.4,297,15.8,43.25,Gulf of Aden,1,temperature_high,0,0,0,2.2,131.3,7.12
DEMO_NORMAL,2024-01-13T10:00:00,seafood,1.3,67.5,0.18,90,0,12.4,298,15.87,43.17,Gulf of Aden,1,temperature_high,0,0,0,2.3,132.6,7.25
DEMO_NORMAL,2024-01-13T11:00:00,seafood,1.2,84.2,0.08,93,0,12.5,299,15.93,43.08,Gulf of Aden,1,temperature_high,0,0,0,2.2,133.8,7.38
DEMO_NORMAL,2024-01-13T12:00:00,seafood,1.9,69.9,0.06,92,0,12.5,300,16.0,43.0,Red Sea,1,temperature_high,0,0,0,2.9,135.7,7.5
DEMO_NORMAL,2024-01-13T13:00:00,seafood,1.1,77.5,0.16,90,0,12.5,301,16.07,42.92,Red Sea,1,temperature_high,0,0,0,2.1,136.8,7.62
DEMO_NORMAL,2024-01-13T14:00:00,seafood,1.1,67.7,0.08,95,0,12.6,302,16.13,42.83,Red Sea,1,temperature_high,0,0,0,2.1,137.9,7.75
DEMO_NORMAL,2024-01-13T15:00:00,seafood,1.0,80.3,0.14,91,0,12.6,303,16.2,42.75,Red Sea,1,temperature_high,0,0,0,2.0,138.9,7.88
DEMO_NORMAL,2024-01-13T16:00:00,seafood,1.0,67.7,0.18,91,0,12.7,304,16.27,42.67,Red Sea,1,temperature_high,0,0,0,2.0,139.9,8.0
DEMO_NORMAL,2024-01-13T17:00:00,seafood,0.1,71.5,0.15,87,0,12.7,305,16.33,42.58,Red Sea,1,temperature_high,0,0,0,1.1,140.0,8.12
DEMO_NORMAL,2024-01-13T18:00:00,seafood,-0.9,88.3,0.09,94,0,12.8,306,16.4,42.5,Red Sea,0,,-1,0,0,0.1,140.0,8.25
DEMO_NORMAL,2024-01-13T19:00:00,seafood,-1.1,84.1,0.17,95,0,12.8,307,16.47,42.42,Red Sea,0,,-1,0,0,-0.1,140.0,8.38
DEMO_NORMAL,2024-01-13T20:00:00,seafood,-1.5,88.1,0.06,91,0,12.8,308,16.53,42.33,Red Sea,0,,-1,0,0,-0.5,140.0,8.5
DEMO_NORMAL,2024-01-13T21:00:00,seafood,-1.8,80.5,0.14,93,0,12.9,309,16.6,42.25,Red Sea,0,,-1,0,0,-0.8,140.0,8.62
DEMO_NORMAL,2024-01-13T22:00:00,seafood,-2.0,88.4,0.09,89,0,12.9,310,16.67,42.17,Red Sea,0,,-1,0,0,-1.0,140.0,8.75
DEMO_NORMAL,2024-01-13T23:00:00,seafood,-2.7,92.3,0.08,92,0,13.0,311,16.73,42.08,Red Sea,1,temperature_low,0,0,0,-1.7,140.7,8.88
DEMO_NORMAL,2024-01-14T00:00:00,seafood,-2.7,91.9,0.06,95,0,13.0,312,16.8,42.0,Red Sea,1,temperature_low,0,0,0,-1.7,141.4,9.0
DEMO_NORMAL,2024-01-14T01:00:00,seafood,-2.0,91.2,0.11,90,0,13.0,313,16.87,41.92,Red Sea,0,,-1,0,0,-1.0,141.4,9.12
DEMO_NORMAL,2024-01-14T02:00:00,seafood,-2.5,84.9,0.16,91,0,13.1,314,16.93,41.83,Red Sea,1,temperature_low,0,0,0,-1.5,141.9,9.25
DEMO_NORMAL,2024-01-14T03:00:00,seafood,-2.0,89.7,0.12,95,0,13.1,315,17.0,41.75,Red Sea,0,,-1,0,0,-1.0,141.9,9.38
DEMO_NORMAL,2024-01-14T04:00:00,seafood,-1.2,75.5,0.11,93,0,13.2,316,17.07,41.67,Red Sea,0,,-1,0,0,-0.2,141.9,9.5
DEMO_NORMAL,2024-01-14T05:00:00,seafood,-1.1,75.5,0.12,87,0,13.2,317,17.13,41.58,Red Sea,0,,-1,0,0,-0.1,141.9,9.62
DEMO_NORMAL,2024-01-14T06:00:00,seafood,-0.4,88.8,0.13,90,0,13.2,318,17.2,41.5,Red Sea,0,,-1,0,0,0.6,141.9,9.75
DEMO_NORMAL,2024-01-14T07:00:00,seafood,0.3,83.8,0.08,90,0,13.3,319,17.27,41.42,Red Sea,1,temperature_high,0,0,0,1.3,142.2,9.88
DEMO_NORMAL,2024-01-14T08:00:00,seafood,1.1,72.8,0.08,93,0,13.3,320,17.33,41.33,Red Sea,1,temperature_high,0,0,0,2.1,143.3,10.0
DEMO_NORMAL,2024-01-14T09:00:00,seafood,0.8,74.6,0.2,86,0,13.4,321,17.4,41.25,Red Sea,1,temperature_high,0,0,0,1.8,144.1,10.12
DEMO_NORMAL,2024-01-14T10:00:00,seafood,1.8,77.5,0.16,94,0,13.4,322,17.47,41.17,Red Sea,1,temperature_high,0,0,0,2.8,145.9,10.25
DEMO_NORMAL,2024-01-14T11:00:00,seafood,2.0,71.6,0.06,91,0,13.5,323,17.53,41.08,Red Sea,1,temperature_high,0,0,0,3.0,147.9,10.38
DEMO_NORMAL,2024-01-14T12:00:00,seafood,1.8,73.2,0.18,89,0,13.5,324,17.6,41.0,Red Sea,1,temperature_high,0,0,0,2.8,149.7,10.5
DEMO_NORMAL,2024-01-14T13:00:00,seafood,1.2,79.1,0.14,86,0,13.5,325,17.67,40.92,Red Sea,1,temperature_high,0,0,0,2.2,150.9,10.62
DEMO_NORMAL,2024-01-14T14:00:00,seafood,1.4,72.0,0.11,86,1,13.6,326,17.73,40.83,Red Sea,1,temperature_high,0,0,0,2.4,152.3,10.75
DEMO_NORMAL,2024-01-14T15:00:00,seafood,0.7,83.4,0.18,88,0,13.6,327,17.8,40.75,Red Sea,1,temperature_high,0,0,0,1.7,153.0,10.88
DEMO_NORMAL,2024-01-14T16:00:00,seafood,1.0,84.6,0.06,92,0,13.7,328,17.87,40.67,Red Sea,1,temperature_high,0,0,0,2.0,154.0,11.0
DEMO_NORMAL,2024-01-14T17:00:00,seafood,0.5,82.4,0.09,93,0,13.7,329,17.93,40.58,Red Sea,1,temperature_high,0,0,0,1.5,154.5,11.12
DEMO_NORMAL,2024-01-14T18:00:00,seafood,-0.1,76.7,0.07,90,0,13.8,330,18.0,40.5,Red Sea,0,,-1,0,0,0.9,154.5,11.25
DEMO_NORMAL,2024-01-14T19:00:00,seafood,-0.8,83.7,0.13,91,0,13.8,331,18.07,40.42,Red Sea,0,,-1,0,0,0.2,154.5,11.38
DEMO_NORMAL,2024-01-14T20:00:00,seafood,-1.0,85.6,0.12,92,0,13.8,332,18.13,40.33,Red Sea,0,,-1,0,0,0.0,154.5,11.5
DEMO_NORMAL,2024-01-14T21:00:00,seafood,-1.2,89.9,0.06,90,0,13.9,333,18.2,40.25,Red Sea,0,,-1,0,0,-0.2,154.5,11.62
DEMO_NORMAL,2024-01-14T22:00:00,seafood,-1.5,70.8,0.06,92,0,13.9,334,18.27,40.17,Red Sea,0,,-1,0,0,-0.5,154.5,11.75
DEMO_NORMAL,2024-01-14T23:00:00,seafood,-2.3,87.2,0.18,85,0,14.0,335,18.33,40.08,Red Sea,1,temperature_low,0,0,0,-1.3,154.8,11.88
DEMO_NORMAL,2024-01-15T00:00:00,seafood,-2.1,81.7,0.12,85,0,14.0,336,18.4,40.0,Red Sea,1,temperature_low,0,0,0,-1.1,154.9,12.0
DEMO_NORMAL,2024-01-15T01:00:00,seafood,-1.7,88.8,0.12,89,0,14.0,337,18.47,39.92,Red Sea,0,,-1,0,0,-0.7,154.9,12.12
DEMO_NORMAL,2024-01-15T02:00:00,seafood,-1.8,79.3,0.07,87,0,14.1,338,18.53,39.83,Red Sea,0,,-1,0,0,-0.8,154.9,12.25
DEMO_NORMAL,2024-01-15T03:00:00,seafood,-1.4,85.0,0.13,83,0,14.1,339,18.6,39.75,Red Sea,0,,-1,0,0,-0.4,154.9,12.38
DEMO_NORMAL,2024-01-15T04:00:00,seafood,-1.1,81.7,0.09,84,0,14.2,340,18.67,39.67,Red Sea,0,,-1,0,0,-0.1,154.9,12.5
DEMO_NORMAL,2024-01-15T05:00:00,seafood,-0.5,77.3,0.12,82,0,14.2,341,18.73,39.58,Red Sea,0,,-1,0,0,0.5,154.9,12.62
DEMO_NORMAL,2024-01-15T06:00:00,seafood,-0.1,83.2,0.1,86,0,14.2,342,18.8,39.5,Red Sea,0,,-1,0,0,0.9,154.9,12.75
DEMO_NORMAL,2024-01-15T07:00:00,seafood,-0.0,75.1,0.18,87,0,14.3,343,18.87,39.42,Red Sea,0,,-1,0,0,1.0,154.9,12.88
DEMO_NORMAL,2024-01-15T08:00:00,seafood,0.9,76.8,0.18,89,0,14.3,344,18.93,39.33,Red Sea,1,temperature_high,0,0,0,1.9,155.8,13.0
DEMO_NORMAL,2024-01-15T09:00:00,seafood,1.4,78.7,0.18,91,0,14.4,345,19.0,39.25,Red Sea,1,temperature_high,0,0,0,2.4,157.2,13.12
DEMO_NORMAL,2024-01-15T10:00:00,seafood,1.3,83.7,0.08,90,0,14.4,346,19.07,39.17,Red Sea,1,temperature_high,0,0,0,2.3,158.5,13.25
DEMO_NORMAL,2024-01-15T11:00:00,seafood,1.9,68.8,0.15,85,0,14.5,347,19.13,39.08,Red Sea,1,temperature_high,0,0,0,2.9,160.4,13.38
DEMO_NORMAL,2024-01-15T12:00:00,seafood,2.0,84.3,0.14,82,0,14.5,348,19.2,39.0,Red Sea,1,temperature_high,0,0,0,3.0,162.4,13.5
DEMO_NORMAL,2024-01-15T13:00:00,seafood,1.8,68.3,0.09,88,0,14.5,349,19.27,38.92,Red Sea,1,temperature_high,0,0,0,2.8,164.2,13.62
DEMO_NORMAL,2024-01-15T14:00:00,seafood,1.7,71.1,0.15,90,0,14.6,350,19.33,38.83,Red Sea,1,temperature_high,0,0,0,2.7,165.9,13.75
DEMO_NORMAL,2024-01-15T15:00:00,seafood,1.8,76.2,0.17,89,0,14.6,351,19.4,38.75,Red Sea,1,temperature_high,0,0,0,2.8,167.7,13.88
DEMO_NORMAL,2024-01-15T16:00:00,seafood,0.7,84.5,0.09,87,0,14.7,352,19.47,38.67,Red Sea,1,temperature_high,0,0,0,1.7,168.4,14.0
DEMO_NORMAL,2024-01-15T17:00:00,seafood,0.3,70.7,0.2,82,0,14.7,353,19.53,38.58,Red Sea,1,temperature_high,0,0,0,1.3,168.7,14.12
DEMO_NORMAL,2024-01-15T18:00:00,seafood,-0.5,83.9,0.1,83,0,14.8,354,19.6,38.5,Red Sea,0,,-1,0,0,0.5,168.7,14.25
DEMO_NORMAL,2024-01-15T19:00:00,seafood,-0.5,69.4,0.48,82,0,14.8,355,19.67,38.42,Red Sea,0,,-1,0,0,0.5,168.7,14.38
DEMO_NORMAL,2024-01-15T20:00:00,seafood,-1.1,75.8,0.51,85,0,14.8,356,19.73,38.33,Red Sea,0,,-1,0,0,-0.1,168.7,14.5
DEMO_NORMAL,2024-01-15T21:00:00,seafood,-1.7,73.6,0.52,87,0,14.9,357,19.8,38.25,Red Sea,0,,-1,0,0,-0.7,168.7,14.62
DEMO_NORMAL,2024-01-15T22:00:00,seafood,-1.4,79.3,0.53,85,1,14.9,358,19.87,38.17,Red Sea,1,door_open,0,0,0,-0.4,168.7,14.75
DEMO_NORMAL,2024-01-15T23:00:00,seafood,-2.1,76.8,0.9,85,0,15.0,359,19.93,38.08,Red Sea,1,temperature_low,0,0,0,-1.1,168.8,14.88
DEMO_NORMAL,2024-01-16T00:00:00,seafood,-1.6,73.7,0.43,86,0,15.0,360,20.0,38.0,Red Sea,0,,-1,0,0,-0.6,168.8,15.0
DEMO_NORMAL,2024-01-16T01:00:00,seafood,-1.7,85.4,0.5,85,0,15.0,361,20.08,37.95,Red Sea,0,,-1,0,0,-0.7,168.8,15.12
DEMO_NORMAL,2024-01-16T02:00:00,seafood,-2.2,78.8,0.68,81,0,15.1,362,20.17,37.91,Red Sea,1,temperature_low,0,0,0,-1.2,169.0,15.25
DEMO_NORMAL,2024-01-16T03:00:00,seafood,-1.9,72.6,0.79,89,0,15.1,363,20.25,37.86,Red Sea,0,,-1,0,0,-0.9,169.0,15.37
DEMO_NORMAL,2024-01-16T04:00:00,seafood,-0.7,80.5,0.71,80,0,15.2,364,20.33,37.82,Red Sea,0,,-1,0,0,0.3,169.0,15.5
DEMO_NORMAL,2024-01-16T05:00:00,seafood,-1.0,77.9,0.83,88,0,15.2,365,20.42,37.77,Red Sea,0,,-1,0,0,0.0,169.0,15.63
DEMO_NORMAL,2024-01-16T06:00:00,seafood,-0.2,75.5,0.15,87,0,15.2,366,20.5,37.73,Red Sea,0,,-1,0,0,0.8,169.0,15.75
DEMO_NORMAL,2024-01-16T07:00:00,seafood,0.1,80.0,0.16,82,0,15.3,367,20.58,37.68,Red Sea,1,temperature_high,0,0,0,1.1,169.1,15.88
DEMO_NORMAL,2024-01-16T08:00:00,seafood,1.5,70.9,0.14,82,0,15.3,368,20.67,37.63,Red Sea,1,temperature_high,0,0,0,2.5,170.6,16.0
DEMO_NORMAL,2024-01-16T09:00:00,seafood,1.1,74.5,0.16,85,0,15.4,369,20.75,37.59,Red Sea,1,temperature_high,0,0,0,2.1,171.7,16.12
DEMO_NORMAL,2024-01-16T10:00:00,seafood,2.1,72.5,0.1,86,0,15.4,370,20.83,37.54,Red Sea,1,temperature_high,0,0,0,3.1,173.8,16.25
DEMO_NORMAL,2024-01-16T11:00:00,seafood,1.8,74.1,0.18,82,0,15.5,371,20.92,37.5,Red Sea,1,temperature_high,0,0,0,2.8,175.6,16.38
DEMO_NORMAL,2024-01-16T12:00:00,seafood,2.2,78.0,0.06,86,0,15.5,372,21.0,37.45,Red Sea,1,temperature_high,0,0,0,3.2,177.8,16.5
DEMO_NORMAL,2024-01-16T13:00:00,seafood,1.9,80.5,0.17,87,1,15.5,373,21.08,37.4,Red Sea,1,temperature_high,0,0,0,2.9,179.7,16.62
DEMO_NORMAL,2024-01-16T14:00:00,seafood,2.2,71.4,0.12,81,0,15.6,374,21.17,37.36,Red Sea,1,temperature_high,0,0,0,3.2,181.9,16.75
DEMO_NORMAL,2024-01-16T15:00:00,seafood,1.9,84.0,0.09,84,0,15.6,375,21.25,37.31,Red Sea,1,temperature_high,0,0,0,2.9,183.8,16.88
DEMO_NORMAL,2024-01-16T16:00:00,seafood,1.6,77.9,0.16,87,0,15.7,376,21.33,37.27,Red Sea,1,temperature_high,0,0,0,2.6,185.4,17.0
DEMO_NORMAL,2024-01-16T17:00:00,seafood,1.1,77.5,0.18,80,0,15.7,377,21.42,37.22,Red Sea,1,temperature_high,0,0,0,2.1,186.5,17.12
DEMO_NORMAL,2024-01-16T18:00:00,seafood,0.1,76.7,0.1,82,0,15.8,378,21.5,37.17,Red Sea,1,temperature_high,0,0,0,1.1,186.6,17.25
DEMO_NORMAL,2024-01-16T19:00:00,seafood,-0.3,74.0,0.15,87,0,15.8,379,21.58,37.13,Red Sea,0,,-1,0,0,0.7,186.6,17.38
DEMO_NORMAL,2024-01-16T20:00:00,seafood,-0.5,79.5,0.08,87,0,15.8,380,21.67,37.08,Red Sea,0,,-1,0,0,0.5,186.6,17.5
DEMO_NORMAL,2024-01-16T21:00:00,seafood,-0.9,86.7,0.19,82,0,15.9,381,21.75,37.04,Red Sea,0,,-1,0,0,0.1,186.6,17.62
DEMO_NORMAL,2024-01-16T22:00:00,seafood,-1.2,78.3,0.06,78,0,15.9,382,21.83,36.99,Red Sea,0,,-1,0,0,-0.2,186.6,17.75
DEMO_NORMAL,2024-01-16T23:00:00,seafood,-1.6,79.1,0.08,77,0,16.0,383,21.92,36.95,Red Sea,0,,-1,0,0,-0.6,186.6,17.88
DEMO_NORMAL,2024-01-17T00:00:00,seafood,-1.5,84.7,0.12,81,0,16.0,384,22.0,36.9,Red Sea,0,,-1,0,0,-0.5,186.6,18.0
DEMO_NORMAL,2024-01-17T01:00:00,seafood,-1.2,77.0,0.18,83,0,16.0,385,22.08,36.85,Red Sea,0,,-1,0,0,-0.2,186.6,18.12
DEMO_NORMAL,2024-01-17T02:00:00,seafood,-1.5,84.7,0.07,77,0,16.1,386,22.17,36.81,Red Sea,0,,-1,0,0,-0.5,186.6,18.25
DEMO_NORMAL,2024-01-17T03:00:00,seafood,-1.4,77.0,0.11,85,0,16.1,387,22.25,36.76,Red Sea,0,,-1,0,0,-0.4,186.6,18.38
DEMO_NORMAL,2024-01-17T04:00:00,seafood,-1.1,81.5,0.1,84,0,16.2,388,22.33,36.72,Red Sea,0,,-1,0,0,-0.1,186.6,18.5
DEMO_NORMAL,2024-01-17T05:00:00,seafood,-0.4,77.2,0.07,84,0,16.2,389,22.42,36.67,Red Sea,0,,-1,0,0,0.6,186.6,18.62
DEMO_NORMAL,2024-01-17T06:00:00,seafood,0.3,86.7,0.17,83,0,16.2,390,22.5,36.62,Red Sea,1,temperature_high,0,0,0,1.3,186.9,18.75
DEMO_NORMAL,2024-01-17T07:00:00,seafood,0.6,77.9,0.1,83,0,16.3,391,22.58,36.58,Red Sea,1,temperature_high,0,0,0,1.6,187.5,18.88
DEMO_NORMAL,2024-01-17T08:00:00,seafood,1.4,79.3,0.18,83,0,16.3,392,22.67,36.53,Red Sea,1,temperature_high,0,0,0,2.4,188.9,19.0
DEMO_NORMAL,2024-01-17T09:00:00,seafood,1.6,83.3,0.1,77,0,16.4,393,22.75,36.49,Red Sea,1,temperature_high,0,0,0,2.6,190.5,19.12
DEMO_NORMAL,2024-01-17T10:00:00,seafood,1.6,73.4,0.12,76,0,16.4,394,22.83,36.44,Red Sea,1,temperature_high,0,0,0,2.6,192.1,19.25
DEMO_NORMAL,2024-01-17T11:00:00,seafood,2.4,66.0,0.09,81,0,16.5,395,22.92,36.4,Red Sea,1,temperature_high,0,0,0,3.4,194.5,19.38
DEMO_NORMAL,2024-01-17T12:00:00,seafood,2.1,80.4,0.16,75,0,16.5,396,23.0,36.35,Red Sea,1,temperature_high,0,0,0,3.1,196.6,19.5
DEMO_NORMAL,2024-01-17T13:00:00,seafood,2.2,70.0,0.18,84,0,16.5,397,23.08,36.3,Red Sea,1,temperature_high,0,0,0,3.2,198.8,19.62
DEMO_NORMAL,2024-01-17T14:00:00,seafood,1.7,79.6,0.1,80,0,16.6,398,23.17,36.26,Red Sea,1,temperature_high,0,0,0,2.7,200.5,19.75
DEMO_NORMAL,2024-01-17T15:00:00,seafood,1.2,72.5,0.09,82,0,16.6,399,23.25,36.21,Red Sea,1,temperature_high,0,0,0,2.2,201.7,19.88
DEMO_NORMAL,2024-01-17T16:00:00,seafood,1.2,81.8,0.18,77,0,16.7,400,23.33,36.17,Red Sea,1,temperature_high,0,0,0,2.2,202.9,20.0
DEMO_NORMAL,2024-01-17T17:00:00,seafood,0.8,83.0,0.12,76,0,16.7,401,23.42,36.12,Red Sea,1,temperature_high,0,0,0,1.8,203.7,20.12
DEMO_NORMAL,2024-01-17T18:00:00,seafood,0.8,69.6,0.19,82,0,16.8,402,23.5,36.08,Red Sea,1,temperature_high,0,0,0,1.8,204.5,20.25
DEMO_NORMAL,2024-01-17T19:00:00,seafood,-0.0,69.1,0.12,83,0,16.8,403,23.58,36.03,Red Sea,0,,-1,0,0,1.0,204.5,20.38
DEMO_NORMAL,2024-01-17T20:00:00,seafood,-0.6,84.8,0.16,83,0,16.8,404,23.67,35.98,Red Sea,0,,-1,0,0,0.4,204.5,20.5
DEMO_NORMAL,2024-01-17T21:00:00,seafood,-0.9,89.8,0.15,82,0,16.9,405,23.75,35.94,Red Sea,0,,-1,0,0,0.1,204.5,20.62
DEMO_NORMAL,2024-01-17T22:00:00,seafood,-1.6,89.9,0.12,82,0,16.9,406,23.83,35.89,Red Sea,0,,-1,0,0,-0.6,204.5,20.75
DEMO_NORMAL,2024-01-17T23:00:00,seafood,-1.3,72.9,0.08,78,0,17.0,407,23.92,35.85,Red Sea,0,,-1,0,0,-0.3,204.5,20.88
DEMO_NORMAL,2024-01-18T00:00:00,seafood,-1.9,80.7,0.17,76,0,17.0,408,24.0,35.8,Red Sea,0,,-1,0,0,-0.9,204.5,21.0
DEMO_NORMAL,2024-01-18T01:00:00,seafood,-1.1,73.1,0.19,74,0,17.0,409,24.08,35.75,Red Sea,0,,-1,0,0,-0.1,204.5,21.12
DEMO_NORMAL,2024-01-18T02:00:00,seafood,-1.6,90.1,0.13,78,0,17.1,410,24.17,35.71,Red Sea,0,,-1,0,0,-0.6,204.5,21.25
DEMO_NORMAL,2024-01-18T03:00:00,seafood,-0.6,84.9,0.11,77,0,17.1,411,24.25,35.66,Red Sea,0,,-1,0,0,0.4,204.5,21.38
DEMO_NORMAL,2024-01-18T04:00:00,seafood,-1.0,83.0,0.16,75,0,17.2,412,24.33,35.62,Red Sea,0,,-1,0,0,0.0,204.5,21.5
DEMO_NORMAL,2024-01-18T05:00:00,seafood,-0.3,75.5,0.12,74,0,17.2,413,24.42,35.57,Red Sea,0,,-1,0,0,0.7,204.5,21.62
DEMO_NORMAL,2024-01-18T06:00:00,seafood,0.2,82.1,0.11,76,0,17.2,414,24.5,35.52,Red Sea,1,temperature_high,0,0,0,1.2,204.7,21.75
DEMO_NORMAL,2024-01-18T07:00:00,seafood,1.1,78.4,0.15,78,0,17.3,415,24.58,35.48,Red Sea,1,temperature_high,0,0,0,2.1,205.8,21.88
DEMO_NORMAL,2024-01-18T08:00:00,seafood,1.2,81.9,0.1,82,0,17.3,416,24.67,35.43,Red Sea,1,temperature_high,0,0,0,2.2,207.0,22.0
DEMO_NORMAL,2024-01-18T09:00:00,seafood,2.2,66.5,0.07,80,1,17.4,417,24.75,35.39,Red Sea,1,temperature_high,0,0,0,3.2,209.2,22.12
DEMO_NORMAL,2024-01-18T10:00:00,seafood,2.4,83.8,0.12,79,0,17.4,418,24.83,35.34,Red Sea,1,temperature_high,0,0,0,3.4,211.6,22.25
DEMO_NORMAL,2024-01-18T11:00:00,seafood,2.3,72.8,0.08,80,0,17.5,419,24.92,35.3,Red Sea,1,temperature_high,0,0,0,3.3,213.9,22.38
DEMO_NORMAL,2024-01-18T12:00:00,seafood,2.3,77.7,0.09,78,0,17.5,420,25.0,35.25,Suez Canal,1,temperature_high,0,0,0,3.3,216.2,22.5
DEMO_NORMAL,2024-01-18T13:00:00,seafood,2.3,81.2,0.17,81,0,17.5,421,25.08,35.2,Suez Canal,1,temperature_high,0,0,0,3.3,218.5,22.62
DEMO_NORMAL,2024-01-18T14:00:00,seafood,2.4,79.8,0.15,75,0,17.6,422,25.17,35.16,Suez Canal,1,temperature_high,0,0,0,3.4,220.9,22.75
DEMO_NORMAL,2024-01-18T15:00:00,seafood,1.8,72.6,0.14,76,0,17.6,423,25.25,35.11,Suez Canal,1,temperature_high,0,0,0,2.8,222.7,22.88
DEMO_NORMAL,2024-01-18T16:00:00,seafood,1.8,67.1,0.14,79,0,17.7,424,25.33,35.07,Suez Canal,1,temperature_high,0,0,0,2.8,224.5,23.0
DEMO_NORMAL,2024-01-18T17:00:00,seafood,0.9,73.3,0.12,74,0,17.7,425,25.42,35.02,Suez Canal,1,temperature_high,0,0,0,1.9,225.4,23.12
DEMO_NORMAL,2024-01-18T18:00:00,seafood,0.8,69.8,0.19,78,0,17.8,426,25.5,34.98,Suez Canal,1,temperature_high,0,0,0,1.8,226.2,23.25
DEMO_NORMAL,2024-01-18T19:00:00,seafood,0.5,80.4,0.19,79,0,17.8,427,25.58,34.93,Suez Canal,1,temperature_high,0,0,0,1.5,226.7,23.38
DEMO_NORMAL,2024-01-18T20:00:00,seafood,-0.4,71.8,0.08,77,0,17.8,428,25.67,34.88,Suez Canal,0,,-1,0,0,0.6,226.7,23.5
DEMO_NORMAL,2024-01-18T21:00:00,seafood,-0.9,74.3,0.13,73,0,17.9,429,25.75,34.84,Suez Canal,0,,-1,0,0,0.1,226.7,23.62
DEMO_NORMAL,2024-01-18T22:00:00,seafood,-1.0,70.2,0.11,78,0,17.9,430,25.83,34.79,Suez Canal,0,,-1,0,0,0.0,226.7,23.75
DEMO_NORMAL,2024-01-18T23:00:00,seafood,-1.7,85.1,0.2,78,0,18.0,431,25.92,34.75,Suez Canal,0,,-1,0,0,-0.7,226.7,23.88
DEMO_NORMAL,2024-01-19T00:00:00,seafood,-1.2,80.4,0.14,71,0,18.0,432,26.0,34.7,Suez Canal,0,,-1,0,0,-0.2,226.7,24.0
DEMO_NORMAL,2024-01-19T01:00:00,seafood,-1.4,81.0,0.11,76,0,18.0,433,26.08,34.65,Suez Canal,0,,-1,0,0,-0.4,226.7,24.12
DEMO_NORMAL,2024-01-19T02:00:00,seafood,-0.7,85.9,0.1,79,0,18.1,434,26.17,34.61,Suez Canal,0,,-1,0,0,0.3,226.7,24.25
DEMO_NORMAL,2024-01-19T03:00:00,seafood,-0.5,83.8,0.19,79,0,18.1,435,26.25,34.56,Suez Canal,0,,-1,0,0,0.5,226.7,24.38
DEMO_NORMAL,2024-01-19T04:00:00,seafood,-0.8,86.6,0.08,73,0,18.2,436,26.33,34.52,Suez Canal,0,,-1,0,0,0.2,226.7,24.5
DEMO_NORMAL,2024-01-19T05:00:00,seafood,0.1,72.9,0.2,71,0,18.2,437,26.42,34.47,Suez Canal,1,temperature_high,0,0,0,1.1,226.8,24.62
DEMO_NORMAL,2024-01-19T06:00:00,seafood,0.2,81.9,0.16,78,0,18.2,438,26.5,34.42,Suez Canal,1,temperature_high,0,0,0,1.2,227.0,24.75
DEMO_NORMAL,2024-01-19T07:00:00,seafood,1.2,70.6,0.15,70,0,18.3,439,26.58,34.38,Suez Canal,1,temperature_high,0,0,0,2.2,228.2,24.88
DEMO_NORMAL,2024-01-19T08:00:00,seafood,1.3,80.4,0.17,72,0,18.3,440,26.67,34.33,Suez Canal,1,temperature_high,0,0,0,2.3,229.5,25.0
DEMO_NORMAL,2024-01-19T09:00:00,seafood,2.0,70.0,0.12,73,0,18.4,441,26.75,34.29,Suez Canal,1,temperature_high,0,0,0,3.0,231.5,25.12
DEMO_NORMAL,2024-01-19T10:00:00,seafood,2.3,73.4,0.14,70,0,18.4,442,26.83,34.24,Suez Canal,1,temperature_high,0,0,0,3.3,233.8,25.25
DEMO_NORMAL,2024-01-19T11:00:00,seafood,2.3,84.9,0.06,73,1,18.5,443,26.92,34.2,Suez Canal,1,temperature_high,0,0,0,3.3,236.1,25.38
DEMO_NORMAL,2024-01-19T12:00:00,seafood,2.5,74.3,0.11,71,0,18.5,444,27.0,34.15,Suez Canal,1,temperature_high,0,0,0,3.5,238.6,25.5
DEMO_NORMAL,2024-01-19T13:00:00,seafood,2.4,76.8,0.14,74,0,18.5,445,27.08,34.1,Suez Canal,1,temperature_high,0,0,0,3.4,241.0,25.62
DEMO_NORMAL,2024-01-19T14:00:00,seafood,2.4,83.6,0.18,75,1,18.6,446,27.17,34.06,Suez Canal,1,temperature_high,0,0,0,3.4,243.4,25.75
DEMO_NORMAL,2024-01-19T15:00:00,seafood,2.2,81.7,0.07,74,0,18.6,447,27.25,34.01,Suez Canal,1,temperature_high,0,0,0,3.2,245.6,25.88
DEMO_NORMAL,2024-01-19T16:00:00,seafood,1.9,84.6,0.1,70,0,18.7,448,27.33,33.97,Suez Canal,1,temperature_high,0,0,0,2.9,247.5,26.0
DEMO_NORMAL,2024-01-19T17:00:00,seafood,1.3,82.8,0.18,69,0,18.7,449,27.42,33.92,Suez Canal,1,temperature_high,0,0,0,2.3,248.8,26.12
DEMO_NORMAL,2024-01-19T18:00:00,seafood,0.9,80.6,0.07,73,0,18.8,450,27.5,33.88,Suez Canal,1,temperature_high,0,0,0,1.9,249.7,26.25
DEMO_NORMAL,2024-01-19T19:00:00,seafood,0.7,70.0,0.18,78,0,18.8,451,27.58,33.83,Suez Canal,1,temperature_high,0,0,0,1.7,250.4,26.38
DEMO_NORMAL,2024-01-19T20:00:00,seafood,-0.4,75.3,0.2,73,0,18.8,452,27.67,33.78,Suez Canal,0,,-1,0,0,0.6,250.4,26.5
DEMO_NORMAL,2024-01-19T21:00:00,seafood,-0.4,84.7,0.09,68,0,18.9,453,27.75,33.74,Suez Canal,0,,-1,0,0,0.6,250.4,26.62
DEMO_NORMAL,2024-01-19T22:00:00,seafood,-0.6,77.9,0.1,73,0,18.9,454,27.83,33.69,Suez Canal,0,,-1,0,0,0.4,250.4,26.75
DEMO_NORMAL,2024-01-19T23:00:00,seafood,-1.5,75.3,0.17,74,0,19.0,455,27.92,33.65,Suez Canal,0,,-1,0,0,-0.5,250.4,26.88
DEMO_NORMAL,2024-01-20T00:00:00,seafood,-1.0,83.0,0.06,75,0,19.0,456,28.0,33.6,Suez Canal,0,,-1,0,0,0.0,250.4,27.0
DEMO_NORMAL,2024-01-20T01:00:00,seafood,-0.8,73.8,0.17,76,0,19.0,457,28.08,33.55,Suez Canal,0,,-1,0,0,0.2,250.4,27.12
DEMO_NORMAL,2024-01-20T02:00:00,seafood,-1.3,74.3,0.18,72,0,19.1,458,28.17,33.51,Suez Canal,0,,-1,0,0,-0.3,250.4,27.25
DEMO_NORMAL,2024-01-20T03:00:00,seafood,-0.4,70.8,0.16,74,0,19.1,459,28.25,33.46,Suez Canal,0,,-1,0,0,0.6,250.4,27.38
DEMO_NORMAL,2024-01-20T04:00:00,seafood,-0.3,83.4,0.07,68,0,19.2,460,28.33,33.42,Suez Canal,0,,-1,0,0,0.7,250.4,27.5
DEMO_NORMAL,2024-01-20T05:00:00,seafood,0.2,79.6,0.16,74,0,19.2,461,28.42,33.37,Suez Canal,1,temperature_high,0,0,0,1.2,250.6,27.62
DEMO_NORMAL,2024-01-20T06:00:00,seafood,0.6,83.4,0.15,75,0,19.2,462,28.5,33.33,Suez Canal,1,temperature_high,0,0,0,1.6,251.2,27.75
DEMO_NORMAL,2024-01-20T07:00:00,seafood,1.7,76.4,0.11,68,0,19.3,463,28.58,33.28,Suez Canal,1,temperature_high,0,0,0,2.7,252.9,27.88
DEMO_NORMAL,2024-01-20T08:00:00,seafood,2.3,81.1,0.13,68,0,19.3,464,28.67,33.23,Suez Canal,1,temperature_high,0,0,0,3.3,255.2,28.0
DEMO_NORMAL,2024-01-20T09:00:00,seafood,2.7,79.3,0.11,69,0,19.4,465,28.75,33.19,Suez Canal,1,temperature_high,0,0,0,3.7,257.9,28.12
DEMO_NORMAL,2024-01-20T10:00:00,seafood,2.9,83.6,0.05,68,0,19.4,466,28.83,33.14,Suez Canal,1,temperature_high,0,0,0,3.9,260.8,28.25
DEMO_NORMAL,2024-01-20T11:00:00,seafood,3.3,71.5,0.19,68,0,19.5,467,28.92,33.1,Suez Canal,1,temperature_high,0,0,0,4.3,264.1,28.38
DEMO_NORMAL,2024-01-20T12:00:00,seafood,3.0,77.2,0.18,69,0,19.5,468,29.0,33.05,Suez Canal,1,temperature_high,0,0,0,4.0,267.1,28.5
DEMO_NORMAL,2024-01-20T13:00:00,seafood,2.9,81.9,0.13,67,0,19.5,469,29.08,33.0,Suez Canal,1,temperature_high,0,0,0,3.9,270.0,28.62
DEMO_NORMAL,2024-01-20T14:00:00,seafood,2.8,78.2,0.13,67,0,19.6,470,29.17,32.96,Suez Canal,1,temperature_high,0,0,0,3.8,272.8,28.75
DEMO_NORMAL,2024-01-20T15:00:00,seafood,2.5,79.8,0.14,72,0,19.6,471,29.25,32.91,Suez Canal,1,temperature_high,0,0,0,3.5,275.3,28.88
DEMO_NORMAL,2024-01-20T16:00:00,seafood,1.6,67.1,0.14,70,0,19.7,472,29.33,32.87,Suez Canal,1,temperature_high,0,0,0,2.6,276.9,29.0
DEMO_NORMAL,2024-01-20T17:00:00,seafood,1.6,68.1,0.07,75,0,19.7,473,29.42,32.82,Suez Canal,1,temperature_high,0,0,0,2.6,278.5,29.12
DEMO_NORMAL,2024-01-20T18:00:00,seafood,1.4,71.7,0.12,68,0,19.8,474,29.5,32.77,Suez Canal,1,temperature_high,0,0,0,2.4,279.9,29.25
DEMO_NORMAL,2024-01-20T19:00:00,seafood,0.9,74.7,0.48,73,0,19.8,475,29.58,32.73,Suez Canal,1,temperature_high,0,0,0,1.9,280.8,29.38
DEMO_NORMAL,2024-01-20T20:00:00,seafood,-0.1,74.2,0.87,72,0,19.8,476,29.67,32.68,Suez Canal,0,,-1,0,0,0.9,280.8,29.5
DEMO_NORMAL,2024-01-20T21:00:00,seafood,-0.6,86.5,0.81,71,0,19.9,477,29.75,32.64,Suez Canal,0,,-1,0,0,0.4,280.8,29.62
DEMO_NORMAL,2024-01-20T22:00:00,seafood,-1.1,73.9,0.83,72,0,19.9,478,29.83,32.59,Suez Canal,0,,-1,0,0,-0.1,280.8,29.75
DEMO_NORMAL,2024-01-20T23:00:00,seafood,-1.2,73.8,0.97,67,0,20.0,479,29.92,32.55,Suez Canal,0,,-1,0,0,-0.2,280.8,29.88
DEMO_NORMAL,2024-01-21T00:00:00,seafood,-0.6,70.3,0.55,71,0,20.0,480,30.0,32.5,Suez Canal,0,,-1,0,0,0.4,280.8,30.0
DEMO_NORMAL,2024-01-21T01:00:00,seafood,-0.7,80.9,0.7,68,0,20.0,481,30.04,32.44,Suez Canal,0,,-1,0,0,0.3,280.8,30.12
DEMO_NORMAL,2024-01-21T02:00:00,seafood,-0.7,82.8,0.74,73,1,20.1,482,30.08,32.38,Suez Canal,1,door_open,0,0,0,0.3,280.8,30.25
DEMO_NORMAL,2024-01-21T03:00:00,seafood,-0.0,88.2,0.6,70,0,20.1,483,30.12,32.31,Suez Canal,0,,-1,0,0,1.0,280.8,30.38
DEMO_NORMAL,2024-01-21T04:00:00,seafood,-0.3,84.1,0.78,69,1,20.2,484,30.17,32.25,Suez Canal,1,door_open,0,0,0,0.7,280.8,30.5
DEMO_NORMAL,2024-01-21T05:00:00,seafood,0.3,84.5,0.67,64,0,20.2,485,30.21,32.19,Suez Canal,1,temperature_high,0,0,0,1.3,281.1,30.62
DEMO_NORMAL,2024-01-21T06:00:00,seafood,1.2,69.4,0.12,64,0,20.2,486,30.25,32.12,Suez Canal,1,temperature_high,0,0,0,2.2,282.3,30.75
DEMO_NORMAL,2024-01-21T07:00:00,seafood,1.3,82.4,0.12,69,0,20.3,487,30.29,32.06,Suez Canal,1,temperature_high,0,0,0,2.3,283.6,30.87
DEMO_NORMAL,2024-01-21T08:00:00,seafood,2.1,83.7,0.11,72,0,20.3,488,30.33,32.0,Suez Canal,1,temperature_high,0,0,0,3.1,285.7,31.0
DEMO_NORMAL,2024-01-21T09:00:00,seafood,2.4,69.6,0.06,68,0,20.4,489,30.38,31.94,Suez Canal,1,temperature_high,0,0,0,3.4,288.1,31.13
DEMO_NORMAL,2024-01-21T10:00:00,seafood,3.1,65.2,0.1,72,0,20.4,490,30.42,31.88,Suez Canal,1,temperature_high,0,0,0,4.1,291.2,31.25
DEMO_NORMAL,2024-01-21T11:00:00,seafood,3.2,77.4,0.09,72,0,20.5,491,30.46,31.81,Suez Canal,1,temperature_high,0,0,0,4.2,294.4,31.38
DEMO_NORMAL,2024-01-21T12:00:00,seafood,3.2,81.8,0.15,70,0,20.5,492,30.5,31.75,Suez Canal,1,temperature_high,0,0,0,4.2,297.6,31.5
DEMO_NORMAL,2024-01-21T13:00:00,seafood,3.3,77.0,0.18,65,0,20.5,493,30.54,31.69,Suez Canal,1,temperature_high,0,0,0,4.3,300.9,31.62
DEMO_NORMAL,2024-01-21T14:00:00,seafood,2.7,82.0,0.15,71,0,20.6,494,30.58,31.62,Suez Canal,1,temperature_high,0,0,0,3.7,303.6,31.75
DEMO_NORMAL,2024-01-21T15:00:00,seafood,2.0,76.2,0.13,65,0,20.6,495,30.62,31.56,Suez Canal,1,temperature_high,0,0,0,3.0,305.6,31.88
DEMO_NORMAL,2024-01-21T16:00:00,seafood,2.5,80.3,0.07,65,0,20.7,496,30.67,31.5,Suez Canal,1,temperature_high,0,0,0,3.5,308.1,32.0
DEMO_NORMAL,2024-01-21T17:00:00,seafood,1.7,72.8,0.16,64,0,20.7,497,30.71,31.44,Suez Canal,1,temperature_high,0,0,0,2.7,309.8,32.12
DEMO_NORMAL,2024-01-21T18:00:00,seafood,1.0,74.3,0.16,68,0,20.8,498,30.75,31.38,Suez Canal,1,temperature_high,0,0,0,2.0,310.8,32.25
DEMO_NORMAL,2024-01-21T19:00:00,seafood,0.4,84.2,0.1,66,0,20.8,499,30.79,31.31,Suez Canal,1,temperature_high,0,0,0,1.4,311.2,32.38
DEMO_NORMAL,2024-01-21T20:00:00,seafood,-0.3,87.8,0.08,71,0,20.8,500,30.83,31.25,Suez Canal,0,,-1,0,0,0.7,311.2,32.5
DEMO_NORMAL,2024-01-21T21:00:00,seafood,-0.1,72.9,0.17,67,0,20.9,501,30.88,31.19,Suez Canal,0,,-1,0,0,0.9,311.2,32.62
DEMO_NORMAL,2024-01-21T22:00:00,seafood,-0.2,73.5,0.12,65,0,20.9,502,30.92,31.12,Suez Canal,0,,-1,0,0,0.8,311.2,32.75
DEMO_NORMAL,2024-01-21T23:00:00,seafood,-0.6,82.2,0.11,64,0,21.0,503,30.96,31.06,Suez Canal,0,,-1,0,0,0.4,311.2,32.88
DEMO_NORMAL,2024-01-22T00:00:00,seafood,-0.5,72.8,0.13,65,0,21.0,504,31.0,31.0,Suez Canal,0,,-1,0,0,0.5,311.2,33.0
DEMO_NORMAL,2024-01-22T01:00:00,seafood,-1.1,82.0,0.15,67,0,21.0,505,31.04,30.94,Suez Canal,0,,-1,0,0,-0.1,311.2,33.12
DEMO_NORMAL,2024-01-22T02:00:00,seafood,-0.2,70.5,0.15,70,0,21.1,506,31.08,30.88,Suez Canal,0,,-1,0,0,0.8,311.2,33.25
DEMO_NORMAL,2024-01-22T03:00:00,seafood,-0.5,82.2,0.16,62,0,21.1,507,31.12,30.81,Suez Canal,0,,-1,0,0,0.5,311.2,33.38
DEMO_NORMAL,2024-01-22T04:00:00,seafood,-0.1,78.3,0.1,67,0,21.2,508,31.17,30.75,Suez Canal,0,,-1,0,0,0.9,311.2,33.5
DEMO_NORMAL,2024-01-22T05:00:00,seafood,1.0,70.6,0.07,61,0,21.2,509,31.21,30.69,Suez Canal,1,temperature_high,0,0,0,2.0,312.2,33.62
DEMO_NORMAL,2024-01-22T06:00:00,seafood,1.2,82.9,0.07,62,0,21.2,510,31.25,30.62,Suez Canal,1,temperature_high,0,0,0,2.2,313.4,33.75
DEMO_NORMAL,2024-01-22T07:00:00,seafood,1.9,68.5,0.12,68,0,21.3,511,31.29,30.56,Suez Canal,1,temperature_high,0,0,0,2.9,315.3,33.88
DEMO_NORMAL,2024-01-22T08:00:00,seafood,1.8,68.1,0.08,67,0,21.3,512,31.33,30.5,Suez Canal,1,temperature_high,0,0,0,2.8,317.1,34.0
DEMO_NORMAL,2024-01-22T09:00:00,seafood,2.5,75.1,0.19,68,0,21.4,513,31.38,30.44,Suez Canal,1,temperature_high,0,0,0,3.5,319.6,34.12
DEMO_NORMAL,2024-01-22T10:00:00,seafood,2.7,77.4,0.07,65,0,21.4,514,31.42,30.38,Suez Canal,1,temperature_high,0,0,0,3.7,322.3,34.25
DEMO_NORMAL,2024-01-22T11:00:00,seafood,3.2,68.5,0.08,62,0,21.5,515,31.46,30.31,Suez Canal,1,temperature_high,0,0,0,4.2,325.5,34.38
DEMO_NORMAL,2024-01-22T12:00:00,seafood,3.2,79.1,0.16,65,0,21.5,516,31.5,30.25,Suez Canal,1,temperature_high,0,0,0,4.2,328.7,34.5
DEMO_NORMAL,2024-01-22T13:00:00,seafood,3.3,71.0,0.13,69,0,21.5,517,31.54,30.19,Suez Canal,1,temperature_high,0,0,0,4.3,332.0,34.62
DEMO_NORMAL,2024-01-22T14:00:00,seafood,3.1,72.2,0.19,61,0,21.6,518,31.58,30.12,Suez Canal,1,temperature_high,0,0,0,4.1,335.1,34.75
DEMO_NORMAL,2024-01-22T15:00:00,seafood,2.7,75.6,0.06,61,0,21.6,519,31.62,30.06,Suez Canal,1,temperature_high,0,0,0,3.7,337.8,34.88
DEMO_NORMAL,2024-01-22T16:00:00,seafood,2.8,78.0,0.08,68,0,21.7,520,31.67,30.0,Suez Canal,1,temperature_high,0,0,0,3.8,340.6,35.0
DEMO_NORMAL,2024-01-22T17:00:00,seafood,1.5,85.5,0.18,61,0,21.7,521,31.71,29.94,Suez Canal,1,temperature_high,0,0,0,2.5,342.1,35.12
DEMO_NORMAL,2024-01-22T18:00:00,seafood,1.5,70.0,0.19,64,0,21.8,522,31.75,29.88,Suez Canal,1,temperature_high,0,0,0,2.5,343.6,35.25
DEMO_NORMAL,2024-01-22T19:00:00,seafood,1.2,67.6,0.19,68,0,21.8,523,31.79,29.81,Suez Canal,1,temperature_high,0,0,0,2.2,344.8,35.38
DEMO_NORMAL,2024-01-22T20:00:00,seafood,0.7,79.1,0.07,69,0,21.8,524,31.83,29.75,Suez Canal,1,temperature_high,0,0,0,1.7,345.5,35.5
DEMO_NORMAL,2024-01-22T21:00:00,seafood,0.0,87.5,0.05,63,0,21.9,525,31.88,29.69,Suez Canal,0,,-1,0,0,1.0,345.5,35.62
DEMO_NORMAL,2024-01-22T22:00:00,seafood,-0.3,76.2,0.18,62,0,21.9,526,31.92,29.62,Suez Canal,0,,-1,0,0,0.7,345.5,35.75
DEMO_NORMAL,2024-01-22T23:00:00,seafood,-0.7,83.8,0.13,60,0,22.0,527,31.96,29.56,Suez Canal,0,,-1,0,0,0.3,345.5,35.88
DEMO_NORMAL,2024-01-23T00:00:00,seafood,-1.1,70.6,0.15,65,0,22.0,528,32.0,29.5,Suez Canal,0,,-1,0,0,-0.1,345.5,36.0
DEMO_NORMAL,2024-01-23T01:00:00,seafood,-0.7,75.1,0.14,68,0,22.0,529,32.04,29.44,Suez Canal,0,,-1,0,0,0.3,345.5,36.12
DEMO_NORMAL,2024-01-23T02:00:00,seafood,-0.4,86.7,0.11,64,0,22.1,530,32.08,29.38,Suez Canal,0,,-1,0,0,0.6,345.5,36.25
DEMO_NORMAL,2024-01-23T03:00:00,seafood,0.0,76.0,0.12,63,0,22.1,531,32.12,29.31,Suez Canal,0,,-1,0,0,1.0,345.5,36.38
DEMO_NORMAL,2024-01-23T04:00:00,seafood,0.8,68.9,0.18,58,0,22.2,532,32.17,29.25,Suez Canal,1,temperature_high,0,0,0,1.8,346.3,36.5
DEMO_NORMAL,2024-01-23T05:00:00,seafood,1.2,67.0,0.11,67,0,22.2,533,32.21,29.19,Suez Canal,1,temperature_high,0,0,0,2.2,347.5,36.62
DEMO_NORMAL,2024-01-23T06:00:00,seafood,1.0,75.9,0.12,65,0,22.2,534,32.25,29.12,Suez Canal,1,temperature_high,0,0,0,2.0,348.5,36.75
DEMO_NORMAL,2024-01-23T07:00:00,seafood,2.5,74.2,0.13,67,0,22.3,535,32.29,29.06,Suez Canal,1,temperature_high,0,0,0,3.5,351.0,36.88
DEMO_NORMAL,2024-01-23T08:00:00,seafood,3.0,78.9,0.18,60,0,22.3,536,32.33,29.0,Suez Canal,1,temperature_high,0,0,0,4.0,354.0,37.0
DEMO_NORMAL,2024-01-23T09:00:00,seafood,2.8,84.0,0.18,66,0,22.4,537,32.38,28.94,Suez Canal,1,temperature_high,0,0,0,3.8,356.8,37.12
DEMO_NORMAL,2024-01-23T10:00:00,seafood,3.4,80.6,0.15,66,0,22.4,538,32.42,28.88,Suez Canal,1,temperature_high,0,0,0,4.4,360.2,37.25
DEMO_NORMAL,2024-01-23T11:00:00,seafood,3.1,68.5,0.18,65,0,22.5,539,32.46,28.81,Suez Canal,1,temperature_high,0,0,0,4.1,363.3,37.38
DEMO_NORMAL,2024-01-23T12:00:00,seafood,3.9,80.3,0.14,61,0,22.5,540,32.5,28.75,Mediterranean,1,temperature_high,0,0,0,4.9,367.2,37.5
DEMO_NORMAL,2024-01-23T13:00:00,seafood,3.2,81.3,0.08,60,0,22.5,541,32.54,28.69,Mediterranean,1,temperature_high,0,0,0,4.2,370.4,37.62
DEMO_NORMAL,2024-01-23T14:00:00,seafood,3.6,67.9,0.11,62,0,22.6,542,32.58,28.62,Mediterranean,1,temperature_high,0,0,0,4.6,374.0,37.75
DEMO_NORMAL,2024-01-23T15:00:00,seafood,3.1,66.3,0.11,63,0,22.6,543,32.62,28.56,Mediterranean,1,temperature_high,0,0,0,4.1,377.1,37.88
DEMO_NORMAL,2024-01-23T16:00:00,seafood,2.9,69.5,0.08,66,0,22.7,544,32.67,28.5,Mediterranean,1,temperature_high,0,0,0,3.9,380.0,38.0
DEMO_NORMAL,2024-01-23T17:00:00,seafood,2.0,81.1,0.05,59,0,22.7,545,32.71,28.44,Mediterranean,1,temperature_high,0,0,0,3.0,382.0,38.12
DEMO_NORMAL,2024-01-23T18:00:00,seafood,1.3,72.0,0.06,59,0,22.8,546,32.75,28.38,Mediterranean,1,temperature_high,0,0,0,2.3,383.3,38.25
DEMO_NORMAL,2024-01-23T19:00:00,seafood,0.7,68.5,0.14,57,0,22.8,547,32.79,28.31,Mediterranean,1,temperature_high,0,0,0,1.7,384.0,38.38
DEMO_NORMAL,2024-01-23T20:00:00,seafood,0.4,76.5,0.15,60,0,22.8,548,32.83,28.25,Mediterranean,1,temperature_high,0,0,0,1.4,384.4,38.5
DEMO_NORMAL,2024-01-23T21:00:00,seafood,0.2,74.2,0.19,57,0,22.9,549,32.88,28.19,Mediterranean,1,temperature_high,0,0,0,1.2,384.6,38.62
DEMO_NORMAL,2024-01-23T22:00:00,seafood,-0.1,74.7,0.13,64,0,22.9,550,32.92,28.12,Mediterranean,0,,-1,0,0,0.9,384.6,38.75
DEMO_NORMAL,2024-01-23T23:00:00,seafood,-0.3,74.7,0.06,57,0,23.0,551,32.96,28.06,Mediterranean,0,,-1,0,0,0.7,384.6,38.88
DEMO_NORMAL,2024-01-24T00:00:00,seafood,-0.6,69.5,0.1,65,0,23.0,552,33.0,28.0,Mediterranean,0,,-1,0,0,0.4,384.6,39.0
DEMO_NORMAL,2024-01-24T01:00:00,seafood,-0.6,81.3,0.05,65,0,23.0,553,33.04,27.94,Mediterranean,0,,-1,0,0,0.4,384.6,39.12
DEMO_NORMAL,2024-01-24T02:00:00,seafood,-0.2,84.5,0.13,56,0,23.1,554,33.08,27.88,Mediterranean,0,,-1,0,0,0.8,384.6,39.25
DEMO_NORMAL,2024-01-24T03:00:00,seafood,0.4,77.7,0.17,60,0,23.1,555,33.12,27.81,Mediterranean,1,temperature_high,0,0,0,1.4,385.0,39.38
DEMO_NORMAL,2024-01-24T04:00:00,seafood,0.3,79.6,0.12,61,0,23.2,556,33.17,27.75,Mediterranean,1,temperature_high,0,0,0,1.3,385.3,39.5
DEMO_NORMAL,2024-01-24T05:00:00,seafood,0.8,81.6,0.09,63,0,23.2,557,33.21,27.69,Mediterranean,1,temperature_high,0,0,0,1.8,386.1,39.62
DEMO_NORMAL,2024-01-24T06:00:00,seafood,1.5,76.2,0.17,63,0,23.2,558,33.25,27.62,Mediterranean,1,temperature_high,0,0,0,2.5,387.6,39.75
DEMO_NORMAL,2024-01-24T07:00:00,seafood,2.5,73.4,0.17,60,0,23.3,559,33.29,27.56,Mediterranean,1,temperature_high,0,0,0,3.5,390.1,39.88
DEMO_NORMAL,2024-01-24T08:00:00,seafood,2.7,83.6,0.06,58,0,23.3,560,33.33,27.5,Mediterranean,1,temperature_high,0,0,0,3.7,392.8,40.0
DEMO_NORMAL,2024-01-24T09:00:00,seafood,3.5,70.7,0.16,60,0,23.4,561,33.38,27.44,Mediterranean,1,temperature_high,0,0,0,4.5,396.3,40.12
DEMO_NORMAL,2024-01-24T10:00:00,seafood,3.2,67.8,0.16,57,0,23.4,562,33.42,27.38,Mediterranean,1,temperature_high,0,0,0,4.2,399.5,40.25
DEMO_NORMAL,2024-01-24T11:00:00,seafood,3.4,75.7,0.18,56,0,23.5,563,33.46,27.31,Mediterranean,1,temperature_high,0,0,0,4.4,402.9,40.38
DEMO_NORMAL,2024-01-24T12:00:00,seafood,3.3,66.0,0.16,62,0,23.5,564,33.5,27.25,Mediterranean,1,temperature_high,0,0,0,4.3,406.2,40.5
DEMO_NORMAL,2024-01-24T13:00:00,seafood,3.7,64.7,0.1,56,0,23.5,565,33.54,27.19,Mediterranean,1,temperature_high,0,0,0,4.7,409.9,40.62
DEMO_NORMAL,2024-01-24T14:00:00,seafood,3.9,72.9,0.1,56,0,23.6,566,33.58,27.12,Mediterranean,1,temperature_high,0,0,0,4.9,413.8,40.75
DEMO_NORMAL,2024-01-24T15:00:00,seafood,3.1,73.1,0.18,56,0,23.6,567,33.62,27.06,Mediterranean,1,temperature_high,0,0,0,4.1,416.9,40.88
DEMO_NORMAL,2024-01-24T16:00:00,seafood,2.5,82.9,0.05,63,0,23.7,568,33.67,27.0,Mediterranean,1,temperature_high,0,0,0,3.5,419.4,41.0
DEMO_NORMAL,2024-01-24T17:00:00,seafood,2.1,77.7,0.14,56,0,23.7,569,33.71,26.94,Mediterranean,1,temperature_high,0,0,0,3.1,421.5,41.12
DEMO_NORMAL,2024-01-24T18:00:00,seafood,1.6,85.4,0.16,53,0,23.8,570,33.75,26.88,Mediterranean,1,temperature_high,0,0,0,2.6,423.1,41.25
DEMO_NORMAL,2024-01-24T19:00:00,seafood,1.6,73.5,0.17,55,0,23.8,571,33.79,26.81,Mediterranean,1,temperature_high,0,0,0,2.6,424.7,41.38
DEMO_NORMAL,2024-01-24T20:00:00,seafood,1.1,84.0,0.14,57,0,23.8,572,33.83,26.75,Mediterranean,1,temperature_high,0,0,0,2.1,425.8,41.5
DEMO_NORMAL,2024-01-24T21:00:00,seafood,0.4,84.9,0.16,60,0,23.9,573,33.88,26.69,Mediterranean,1,temperature_high,0,0,0,1.4,426.2,41.62
DEMO_NORMAL,2024-01-24T22:00:00,seafood,0.2,81.3,0.14,60,0,23.9,574,33.92,26.62,Mediterranean,1,temperature_high,0,0,0,1.2,426.4,41.75
DEMO_NORMAL,2024-01-24T23:00:00,seafood,0.3,87.4,0.15,59,0,24.0,575,33.96,26.56,Mediterranean,1,temperature_high,0,0,0,1.3,426.7,41.88
DEMO_NORMAL,2024-01-25T00:00:00,seafood,-0.7,82.7,0.09,54,0,24.0,576,34.0,26.5,Mediterranean,0,,-1,0,0,0.3,426.7,42.0
DEMO_NORMAL,2024-01-25T01:00:00,seafood,-0.4,71.0,0.06,55,0,24.0,577,34.04,26.44,Mediterranean,0,,-1,0,0,0.6,426.7,42.12
DEMO_NORMAL,2024-01-25T02:00:00,seafood,0.1,78.3,0.09,52,0,24.1,578,34.08,26.38,Mediterranean,1,temperature_high,0,0,0,1.1,426.8,42.25
DEMO_NORMAL,2024-01-25T03:00:00,seafood,0.2,86.9,0.16,60,0,24.1,579,34.12,26.31,Mediterranean,1,temperature_high,0,0,0,1.2,427.0,42.38
DEMO_NORMAL,2024-01-25T04:00:00,seafood,0.4,83.9,0.13,61,0,24.2,580,34.17,26.25,Mediterranean,1,temperature_high,0,0,0,1.4,427.4,42.5
DEMO_NORMAL,2024-01-25T05:00:00,seafood,1.0,73.5,0.19,60,0,24.2,581,34.21,26.19,Mediterranean,1,temperature_high,0,0,0,2.0,428.4,42.62
DEMO_NORMAL,2024-01-25T06:00:00,seafood,2.1,76.5,0.15,61,0,24.2,582,34.25,26.12,Mediterranean,1,temperature_high,0,0,0,3.1,430.5,42.75
DEMO_NORMAL,2024-01-25T07:00:00,seafood,2.3,67.4,0.17,56,0,24.3,583,34.29,26.06,Mediterranean,1,temperature_high,0,0,0,3.3,432.8,42.88
DEMO_NORMAL,2024-01-25T08:00:00,seafood,3.0,71.5,0.09,55,0,24.3,584,34.33,26.0,Mediterranean,1,temperature_high,0,0,0,4.0,435.8,43.0
DEMO_NORMAL,2024-01-25T09:00:00,seafood,3.2,81.4,0.19,59,0,24.4,585,34.38,25.94,Mediterranean,1,temperature_high,0,0,0,4.2,439.0,43.12
DEMO_NORMAL,2024-01-25T10:00:00,seafood,3.5,66.8,0.16,57,0,24.4,586,34.42,25.88,Mediterranean,1,temperature_high,0,0,0,4.5,442.5,43.25
DEMO_NORMAL,2024-01-25T11:00:00,seafood,3.6,76.0,0.08,57,0,24.5,587,34.46,25.81,Mediterranean,1,temperature_high,0,0,0,4.6,446.1,43.38
DEMO_NORMAL,2024-01-25T12:00:00,seafood,3.7,76.3,0.16,54,0,24.5,588,34.5,25.75,Mediterranean,1,temperature_high,0,0,0,4.7,449.8,43.5
DEMO_NORMAL,2024-01-25T13:00:00,seafood,4.1,63.8,0.18,57,0,24.5,589,34.54,25.69,Mediterranean,1,temperature_high,0,0,0,5.1,453.9,43.62
DEMO_NORMAL,2024-01-25T14:00:00,seafood,3.3,71.6,0.13,58,0,24.6,590,34.58,25.62,Mediterranean,1,temperature_high,0,0,0,4.3,457.2,43.75
DEMO_NORMAL,2024-01-25T15:00:00,seafood,3.2,77.7,0.17,60,0,24.6,591,34.62,25.56,Mediterranean,1,temperature_high,0,0,0,4.2,460.4,43.88
DEMO_NORMAL,2024-01-25T16:00:00,seafood,2.7,80.2,0.17,52,0,24.7,592,34.67,25.5,Mediterranean,1,temperature_high,0,0,0,3.7,463.1,44.0
DEMO_NORMAL,2024-01-25T17:00:00,seafood,2.0,71.5,0.08,54,0,24.7,593,34.71,25.44,Mediterranean,1,temperature_high,0,0,0,3.0,465.1,44.12
DEMO_NORMAL,2024-01-25T18:00:00,seafood,1.8,66.0,0.11,57,0,24.8,594,34.75,25.38,Mediterranean,1,temperature_high,0,0,0,2.8,466.9,44.25
DEMO_NORMAL,2024-01-25T19:00:00,seafood,1.4,76.4,0.8,55,0,24.8,595,34.79,25.31,Mediterranean,1,temperature_high,0,0,0,2.4,468.3,44.38
DEMO_NORMAL,2024-01-25T20:00:00,seafood,1.2,83.6,0.86,54,0,24.8,596,34.83,25.25,Mediterranean,1,temperature_high,0,0,0,2.2,469.5,44.5
DEMO_NORMAL,2024-01-25T21:00:00,seafood,0.8,67.8,0.71,53,0,24.9,597,34.88,25.19,Mediterranean,1,temperature_high,0,0,0,1.8,470.3,44.62
DEMO_NORMAL,2024-01-25T22:00:00,seafood,-0.0,78.0,0.74,59,0,24.9,598,34.92,25.12,Mediterranean,0,,-1,0,0,1.0,470.3,44.75
DEMO_NORMAL,2024-01-25T23:00:00,seafood,0.0,73.4,0.5,59,0,25.0,599,34.96,25.06,Mediterranean,0,,-1,0,0,1.0,470.3,44.88
DEMO_NORMAL,2024-01-26T00:00:00,seafood,-0.2,83.6,0.98,53,0,25.0,600,35.0,25.0,Mediterranean,0,,-1,0,0,0.8,470.3,45.0
DEMO_NORMAL,2024-01-26T01:00:00,seafood,0.3,84.5,0.67,51,0,25.0,601,35.01,24.75,Mediterranean,1,temperature_high,0,0,0,1.3,470.6,45.12
DEMO_NORMAL,2024-01-26T02:00:00,seafood,0.1,73.7,0.42,51,0,25.1,602,35.02,24.5,Mediterranean,1,temperature_high,0,0,0,1.1,470.7,45.25
DEMO_NORMAL,2024-01-26T03:00:00,seafood,0.5,78.9,0.86,55,0,25.1,603,35.02,24.25,Mediterranean,1,temperature_high,0,0,0,1.5,471.2,45.38
DEMO_NORMAL,2024-01-26T04:00:00,seafood,0.6,70.9,0.44,50,0,25.2,604,35.03,24.0,Mediterranean,1,temperature_high,0,0,0,1.6,471.8,45.5
DEMO_NORMAL,2024-01-26T05:00:00,seafood,1.2,84.8,0.94,53,0,25.2,605,35.04,23.75,Mediterranean,1,temperature_high,0,0,0,2.2,473.0,45.62
DEMO_NORMAL,2024-01-26T06:00:00,seafood,1.7,74.6,0.18,58,0,25.2,606,35.05,23.5,Mediterranean,1,temperature_high,0,0,0,2.7,474.7,45.75
DEMO_NORMAL,2024-01-26T07:00:00,seafood,2.2,83.3,0.16,49,0,25.3,607,35.06,23.25,Mediterranean,1,temperature_high,0,0,0,3.2,476.9,45.88
DEMO_NORMAL,2024-01-26T08:00:00,seafood,2.6,65.2,0.1,54,0,25.3,608,35.07,23.0,Mediterranean,1,temperature_high,0,0,0,3.6,479.5,46.0
DEMO_NORMAL,2024-01-26T09:00:00,seafood,3.0,65.7,0.06,53,0,25.4,609,35.08,22.75,Mediterranean,1,temperature_high,0,0,0,4.0,482.5,46.12
DEMO_NORMAL,2024-01-26T10:00:00,seafood,3.5,64.0,0.06,51,0,25.4,610,35.08,22.5,Mediterranean,1,temperature_high,0,0,0,4.5,486.0,46.25
DEMO_NORMAL,2024-01-26T11:00:00,seafood,3.7,73.1,0.19,57,0,25.5,611,35.09,22.25,Mediterranean,1,temperature_high,0,0,0,4.7,489.7,46.38
DEMO_NORMAL,2024-01-26T12:00:00,seafood,4.4,74.4,0.16,52,0,25.5,612,35.1,22.0,Mediterranean,1,temperature_high,0,0,0,5.4,494.1,46.5
DEMO_NORMAL,2024-01-26T13:00:00,seafood,4.4,74.3,0.07,48,0,25.5,613,35.11,21.75,Mediterranean,1,temperature_high,0,0,0,5.4,498.5,46.62
DEMO_NORMAL,2024-01-26T14:00:00,seafood,3.4,76.7,0.1,48,0,25.6,614,35.12,21.5,Mediterranean,1,temperature_high,0,0,0,4.4,501.9,46.75
DEMO_NORMAL,2024-01-26T15:00:00,seafood,3.5,68.7,0.07,51,0,25.6,615,35.12,21.25,Mediterranean,1,temperature_high,0,0,0,4.5,505.4,46.88
DEMO_NORMAL,2024-01-26T16:00:00,seafood,3.3,70.4,0.14,51,0,25.7,616,35.13,21.0,Mediterranean,1,temperature_high,0,0,0,4.3,508.7,47.0
DEMO_NORMAL,2024-01-26T17:00:00,seafood,2.6,74.6,0.1,51,0,25.7,617,35.14,20.75,Mediterranean,1,temperature_high,0,0,0,3.6,511.3,47.12
DEMO_NORMAL,2024-01-26T18:00:00,seafood,2.0,66.0,0.1,50,0,25.8,618,35.15,20.5,Mediterranean,1,temperature_high,0,0,0,3.0,513.3,47.25
DEMO_NORMAL,2024-01-26T19:00:00,seafood,2.0,65.9,0.15,55,0,25.8,619,35.16,20.25,Mediterranean,1,temperature_high,0,0,0,3.0,515.3,47.38
DEMO_NORMAL,2024-01-26T20:00:00,seafood,1.2,67.8,0.15,55,0,25.8,620,35.17,20.0,Mediterranean,1,temperature_high,0,0,0,2.2,516.5,47.5
DEMO_NORMAL,2024-01-26T21:00:00,seafood,0.5,82.8,0.12,52,0,25.9,621,35.17,19.75,Mediterranean,1,temperature_high,0,0,0,1.5,517.0,47.62
DEMO_NORMAL,2024-01-26T22:00:00,seafood,0.5,71.8,0.12,55,0,25.9,622,35.18,19.5,Mediterranean,1,temperature_high,0,0,0,1.5,517.5,47.75
DEMO_NORMAL,2024-01-26T23:00:00,seafood,0.5,78.5,0.08,57,0,26.0,623,35.19,19.25,Mediterranean,1,temperature_high,0,0,0,1.5,518.0,47.88
DEMO_NORMAL,2024-01-27T00:00:00,seafood,-0.3,83.4,0.19,54,0,26.0,624,35.2,19.0,Mediterranean,0,,-1,0,0,0.7,518.0,48.0
DEMO_NORMAL,2024-01-27T01:00:00,seafood,0.0,83.8,0.06,48,0,26.0,625,35.21,18.75,Mediterranean,0,,-1,0,0,1.0,518.0,48.12
DEMO_NORMAL,2024-01-27T02:00:00,seafood,0.4,84.6,0.1,48,0,26.1,626,35.22,18.5,Mediterranean,1,temperature_high,0,0,0,1.4,518.4,48.25
DEMO_NORMAL,2024-01-27T03:00:00,seafood,0.9,85.5,0.08,54,0,26.1,627,35.23,18.25,Mediterranean,1,temperature_high,0,0,0,1.9,519.3,48.38
DEMO_NORMAL,2024-01-27T04:00:00,seafood,1.0,82.2,0.19,50,0,26.2,628,35.23,18.0,Mediterranean,1,temperature_high,0,0,0,2.0,520.3,48.5
DEMO_NORMAL,2024-01-27T05:00:00,seafood,2.0,82.0,0.12,48,0,26.2,629,35.24,17.75,Mediterranean,1,temperature_high,0,0,0,3.0,522.3,48.62
DEMO_NORMAL,2024-01-27T06:00:00,seafood,1.8,70.6,0.1,46,0,26.2,630,35.25,17.5,Mediterranean,1,temperature_high,0,0,0,2.8,524.1,48.75
DEMO_NORMAL,2024-01-27T07:00:00,seafood,2.9,67.9,0.1,54,0,26.3,631,35.26,17.25,Mediterranean,1,temperature_high,0,0,0,3.9,527.0,48.88
DEMO_NORMAL,2024-01-27T08:00:00,seafood,3.3,71.6,0.19,49,0,26.3,632,35.27,17.0,Mediterranean,1,temperature_high,0,0,0,4.3,530.3,49.0
DEMO_NORMAL,2024-01-27T09:00:00,seafood,4.2,81.6,0.17,47,0,26.4,633,35.27,16.75,Mediterranean,1,temperature_high,0,0,0,5.2,534.5,49.12
DEMO_NORMAL,2024-01-27T10:00:00,seafood,3.6,78.2,0.11,49,0,26.4,634,35.28,16.5,Mediterranean,1,temperature_high,0,0,0,4.6,538.1,49.25
DEMO_NORMAL,2024-01-27T11:00:00,seafood,4.7,62.4,0.07,54,0,26.5,635,35.29,16.25,Mediterranean,1,temperature_high,0,0,0,5.7,542.8,49.38
DEMO_NORMAL,2024-01-27T12:00:00,seafood,4.6,61.9,0.09,48,0,26.5,636,35.3,16.0,Mediterranean,1,temperature_high,0,0,0,5.6,547.4,49.5
DEMO_NORMAL,2024-01-27T13:00:00,seafood,4.6,80.1,0.12,49,0,26.5,637,35.31,15.75,Mediterranean,1,temperature_high,0,0,0,5.6,552.0,49.62
DEMO_NORMAL,2024-01-27T14:00:00,seafood,4.4,79.8,0.08,50,0,26.6,638,35.32,15.5,Mediterranean,1,temperature_high,0,0,0,5.4,556.4,49.75
DEMO_NORMAL,2024-01-27T15:00:00,seafood,3.6,80.7,0.11,51,0,26.6,639,35.33,15.25,Mediterranean,1,temperature_high,0,0,0,4.6,560.0,49.88
DEMO_NORMAL,2024-01-27T16:00:00,seafood,3.1,67.5,0.12,53,0,26.7,640,35.33,15.0,Mediterranean,1,temperature_high,0,0,0,4.1,563.1,50.0
DEMO_NORMAL,2024-01-27T17:00:00,seafood,2.5,66.2,0.09,52,0,26.7,641,35.34,14.75,Mediterranean,1,temperature_high,0,0,0,3.5,565.6,50.12
DEMO_NORMAL,2024-01-27T18:00:00,seafood,2.8,67.6,0.18,45,0,26.8,642,35.35,14.5,Mediterranean,1,temperature_high,0,0,0,3.8,568.4,50.25
DEMO_NORMAL,2024-01-27T19:00:00,seafood,1.7,75.6,0.18,53,0,26.8,643,35.36,14.25,Mediterranean,1,temperature_high,0,0,0,2.7,570.1,50.38
DEMO_NORMAL,2024-01-27T20:00:00,seafood,1.3,74.7,0.2,50,0,26.8,644,35.37,14.0,Mediterranean,1,temperature_high,0,0,0,2.3,571.4,50.5
DEMO_NORMAL,2024-01-27T21:00:00,seafood,1.1,76.7,0.18,53,0,26.9,645,35.38,13.75,Mediterranean,1,temperature_high,0,0,0,2.1,572.5,50.62
DEMO_NORMAL,2024-01-27T22:00:00,seafood,0.5,79.9,0.17,50,0,26.9,646,35.38,13.5,Mediterranean,1,temperature_high,0,0,0,1.5,573.0,50.75
DEMO_NORMAL,2024-01-27T23:00:00,seafood,0.1,81.9,0.12,51,0,27.0,647,35.39,13.25,Mediterranean,1,temperature_high,0,0,0,1.1,573.1,50.88
DEMO_NORMAL,2024-01-28T00:00:00,seafood,0.8,81.7,0.07,47,0,27.0,648,35.4,13.0,Mediterranean,1,temperature_high,0,0,0,1.8,573.9,51.0
DEMO_NORMAL,2024-01-28T01:00:00,seafood,0.7,77.7,0.2,44,1,27.0,649,35.41,12.75,Mediterranean,1,temperature_high,0,0,0,1.7,574.6,51.12
DEMO_NORMAL,2024-01-28T02:00:00,seafood,0.8,84.0,0.08,50,0,27.1,650,35.42,12.5,Mediterranean,1,temperature_high,0,0,0,1.8,575.4,51.25
DEMO_NORMAL,2024-01-28T03:00:00,seafood,0.7,74.3,0.06,44,0,27.1,651,35.42,12.25,Mediterranean,1,temperature_high,0,0,0,1.7,576.1,51.38
DEMO_NORMAL,2024-01-28T04:00:00,seafood,1.7,74.2,0.09,48,0,27.2,652,35.43,12.0,Mediterranean,1,temperature_high,0,0,0,2.7,577.8,51.5
DEMO_NORMAL,2024-01-28T05:00:00,seafood,2.4,72.3,0.12,53,0,27.2,653,35.44,11.75,Mediterranean,1,temperature_high,0,0,0,3.4,580.2,51.62
DEMO_NORMAL,2024-01-28T06:00:00,seafood,2.7,73.0,0.2,44,0,27.2,654,35.45,11.5,Mediterranean,1,temperature_high,0,0,0,3.7,582.9,51.75
DEMO_NORMAL,2024-01-28T07:00:00,seafood,2.8,83.7,0.11,46,0,27.3,655,35.46,11.25,Mediterranean,1,temperature_high,0,0,0,3.8,585.7,51.88
DEMO_NORMAL,2024-01-28T08:00:00,seafood,3.8,66.2,0.16,52,0,27.3,656,35.47,11.0,Mediterranean,1,temperature_high,0,0,0,4.8,589.5,52.0
DEMO_NORMAL,2024-01-28T09:00:00,seafood,3.4,68.2,0.1,48,0,27.4,657,35.48,10.75,Mediterranean,1,temperature_high,0,0,0,4.4,592.9,52.12
DEMO_NORMAL,2024-01-28T10:00:00,seafood,4.2,81.3,0.08,46,0,27.4,658,35.48,10.5,Mediterranean,1,temperature_high,0,0,0,5.2,597.1,52.25
DEMO_NORMAL,2024-01-28T11:00:00,seafood,3.9,70.5,0.13,48,0,27.5,659,35.49,10.25,Mediterranean,1,temperature_high,0,0,0,4.9,601.0,52.38
DEMO_NORMAL,2024-01-28T12:00:00,seafood,5.0,68.2,0.12,43,0,27.5,660,35.5,10.0,Gibraltar,1,temperature_high,0,0,0,6.0,606.0,52.5
DEMO_NORMAL,2024-01-28T13:00:00,seafood,4.4,65.0,0.19,47,0,27.5,661,35.51,9.75,Gibraltar,1,temperature_high,0,0,0,5.4,610.4,52.62
DEMO_NORMAL,2024-01-28T14:00:00,seafood,4.1,71.9,0.08,45,0,27.6,662,35.52,9.5,Gibraltar,1,temperature_high,0,0,0,5.1,614.5,52.75
DEMO_NORMAL,2024-01-28T15:00:00,seafood,4.0,66.0,0.15,45,0,27.6,663,35.52,9.25,Gibraltar,1,temperature_high,0,0,0,5.0,618.5,52.88
DEMO_NORMAL,2024-01-28T16:00:00,seafood,3.8,64.4,0.17,42,0,27.7,664,35.53,9.0,Gibraltar,1,temperature_high,0,0,0,4.8,622.3,53.0
DEMO_NORMAL,2024-01-28T17:00:00,seafood,3.2,70.5,0.09,46,0,27.7,665,35.54,8.75,Gibraltar,1,temperature_high,0,0,0,4.2,625.5,53.12
DEMO_NORMAL,2024-01-28T18:00:00,seafood,2.1,71.0,0.13,50,0,27.8,666,35.55,8.5,Gibraltar,1,temperature_high,0,0,0,3.1,627.6,53.25
DEMO_NORMAL,2024-01-28T19:00:00,seafood,2.3,80.5,0.07,46,0,27.8,667,35.56,8.25,Gibraltar,1,temperature_high,0,0,0,3.3,629.9,53.38
DEMO_NORMAL,2024-01-28T20:00:00,seafood,1.9,70.0,0.06,43,0,27.8,668,35.57,8.0,Gibraltar,1,temperature_high,0,0,0,2.9,631.8,53.5
DEMO_NORMAL,2024-01-28T21:00:00,seafood,1.2,80.2,0.09,45,0,27.9,669,35.58,7.75,Gibraltar,1,temperature_high,0,0,0,2.2,633.0,53.62
DEMO_NORMAL,2024-01-28T22:00:00,seafood,0.5,75.8,0.18,44,0,27.9,670,35.58,7.5,Gibraltar,1,temperature_high,0,0,0,1.5,633.5,53.75
DEMO_NORMAL,2024-01-28T23:00:00,seafood,0.7,80.5,0.08,49,0,28.0,671,35.59,7.25,Gibraltar,1,temperature_high,0,0,0,1.7,634.2,53.88
DEMO_NORMAL,2024-01-29T00:00:00,seafood,0.4,68.7,0.09,41,0,28.0,672,35.6,7.0,Gibraltar,1,temperature_high,0,0,0,1.4,634.6,54.0
DEMO_NORMAL,2024-01-29T01:00:00,seafood,1.1,77.2,0.07,41,0,28.0,673,35.61,6.75,Gibraltar,1,temperature_high,0,0,0,2.1,635.7,54.12
DEMO_NORMAL,2024-01-29T02:00:00,seafood,0.5,83.3,0.17,41,0,28.1,674,35.62,6.5,Gibraltar,1,temperature_high,0,0,0,1.5,636.2,54.25
DEMO_NORMAL,2024-01-29T03:00:00,seafood,1.0,86.7,0.19,44,0,28.1,675,35.62,6.25,Gibraltar,1,temperature_high,0,0,0,2.0,637.2,54.38
DEMO_NORMAL,2024-01-29T04:00:00,seafood,2.1,74.9,0.13,45,0,28.2,676,35.63,6.0,Gibraltar,1,temperature_high,0,0,0,3.1,639.3,54.5
DEMO_NORMAL,2024-01-29T05:00:00,seafood,1.9,83.6,0.13,42,0,28.2,677,35.64,5.75,Gibraltar,1,temperature_high,0,0,0,2.9,641.2,54.62
DEMO_NORMAL,2024-01-29T06:00:00,seafood,2.2,78.9,0.19,41,0,28.2,678,35.65,5.5,Gibraltar,1,temperature_high,0,0,0,3.2,643.4,54.75
DEMO_NORMAL,2024-01-29T07:00:00,seafood,3.6,74.1,0.14,49,0,28.3,679,35.66,5.25,Gibraltar,1,temperature_high,0,0,0,4.6,647.0,54.88
DEMO_NORMAL,2024-01-29T08:00:00,seafood,3.6,66.3,0.18,49,0,28.3,680,35.67,5.0,Gibraltar,1,temperature_high,0,0,0,4.6,650.6,55.0
DEMO_NORMAL,2024-01-29T09:00:00,seafood,4.2,74.5,0.11,44,0,28.4,681,35.67,4.75,Gibraltar,1,temperature_high,0,0,0,5.2,654.8,55.12
DEMO_NORMAL,2024-01-29T10:00:00,seafood,4.5,74.3,0.12,39,0,28.4,682,35.68,4.5,Gibraltar,1,temperature_high,0,0,0,5.5,659.3,55.25
DEMO_NORMAL,2024-01-29T11:00:00,seafood,4.3,65.4,0.12,42,0,28.5,683,35.69,4.25,Gibraltar,1,temperature_high,0,0,0,5.3,663.6,55.38
DEMO_NORMAL,2024-01-29T12:00:00,seafood,4.8,70.5,0.1,48,0,28.5,684,35.7,4.0,Gibraltar,1,temperature_high,0,0,0,5.8,668.4,55.5
DEMO_NORMAL,2024-01-29T13:00:00,seafood,4.7,78.9,0.15,46,0,28.5,685,35.71,3.75,Gibraltar,1,temperature_high,0,0,0,5.7,673.1,55.62
DEMO_NORMAL,2024-01-29T14:00:00,seafood,4.6,80.4,0.1,46,0,28.6,686,35.72,3.5,Gibraltar,1,temperature_high,0,0,0,5.6,677.7,55.75
DEMO_NORMAL,2024-01-29T15:00:00,seafood,4.5,71.5,0.08,44,0,28.6,687,35.73,3.25,Gibraltar,1,temperature_high,0,0,0,5.5,682.2,55.88
DEMO_NORMAL,2024-01-29T16:00:00,seafood,3.5,80.3,0.11,43,0,28.7,688,35.73,3.0,Gibraltar,1,temperature_high,0,0,0,4.5,685.7,56.0
DEMO_NORMAL,2024-01-29T17:00:00,seafood,3.2,82.0,0.17,40,0,28.7,689,35.74,2.75,Gibraltar,1,temperature_high,0,0,0,4.2,688.9,56.12
DEMO_NORMAL,2024-01-29T18:00:00,seafood,2.5,79.7,0.19,41,0,28.8,690,35.75,2.5,Gibraltar,1,temperature_high,0,0,0,3.5,691.4,56.25
DEMO_NORMAL,2024-01-29T19:00:00,seafood,1.9,67.5,0.14,44,0,28.8,691,35.76,2.25,Gibraltar,1,temperature_high,0,0,0,2.9,693.3,56.38
DEMO_NORMAL,2024-01-29T20:00:00,seafood,1.7,77.0,0.09,41,0,28.8,692,35.77,2.0,Gibraltar,1,temperature_high,0,0,0,2.7,695.0,56.5
DEMO_NORMAL,2024-01-29T21:00:00,seafood,1.0,86.6,0.06,45,0,28.9,693,35.77,1.75,Gibraltar,1,temperature_high,0,0,0,2.0,696.0,56.62
DEMO_NORMAL,2024-01-29T22:00:00,seafood,0.9,80.9,0.12,41,0,28.9,694,35.78,1.5,Gibraltar,1,temperature_high,0,0,0,1.9,696.9,56.75
DEMO_NORMAL,2024-01-29T23:00:00,seafood,1.2,76.1,0.18,40,0,29.0,695,35.79,1.25,Gibraltar,1,temperature_high,0,0,0,2.2,698.1,56.88
DEMO_NORMAL,2024-01-30T00:00:00,seafood,0.6,84.7,0.18,44,0,29.0,696,35.8,1.0,Gibraltar,1,temperature_high,0,0,0,1.6,698.7,57.0
DEMO_NORMAL,2024-01-30T01:00:00,seafood,0.5,78.6,0.13,38,0,29.0,697,35.81,0.75,Gibraltar,1,temperature_high,0,0,0,1.5,699.2,57.12
DEMO_NORMAL,2024-01-30T02:00:00,seafood,1.1,81.7,0.12,44,0,29.1,698,35.82,0.5,Gibraltar,1,temperature_high,0,0,0,2.1,700.3,57.25
DEMO_NORMAL,2024-01-30T03:00:00,seafood,1.4,77.6,0.16,39,0,29.1,699,35.83,0.25,Gibraltar,1,temperature_high,0,0,0,2.4,701.7,57.38
DEMO_NORMAL,2024-01-30T04:00:00,seafood,1.5,81.4,0.12,42,0,29.2,700,35.83,0.0,Gibraltar,1,temperature_high,0,0,0,2.5,703.2,57.5
DEMO_NORMAL,2024-01-30T05:00:00,seafood,2.4,70.6,0.18,43,0,29.2,701,35.84,-0.25,Gibraltar,1,temperature_high,0,0,0,3.4,705.6,57.62
DEMO_NORMAL,2024-01-30T06:00:00,seafood,3.3,72.0,0.19,40,0,29.2,702,35.85,-0.5,Gibraltar,1,temperature_high,0,0,0,4.3,708.9,57.75
DEMO_NORMAL,2024-01-30T07:00:00,seafood,3.4,64.9,0.18,43,0,29.3,703,35.86,-0.75,Gibraltar,1,temperature_high,0,0,0,4.4,712.3,57.88
DEMO_NORMAL,2024-01-30T08:00:00,seafood,3.7,76.6,0.07,37,0,29.3,704,35.87,-1.0,Gibraltar,1,temperature_high,0,0,0,4.7,716.0,58.0
DEMO_NORMAL,2024-01-30T09:00:00,seafood,4.5,80.7,0.1,39,0,29.4,705,35.88,-1.25,Gibraltar,1,temperature_high,0,0,0,5.5,720.5,58.12
DEMO_NORMAL,2024-01-30T10:00:00,seafood,4.2,62.9,0.17,40,1,29.4,706,35.88,-1.5,Gibraltar,1,temperature_high,0,0,0,5.2,724.7,58.25
DEMO_NORMAL,2024-01-30T11:00:00,seafood,4.7,69.9,0.1,46,0,29.5,707,35.89,-1.75,Gibraltar,1,temperature_high,0,0,0,5.7,729.4,58.38
DEMO_NORMAL,2024-01-30T12:00:00,seafood,4.7,65.6,0.15,38,0,29.5,708,35.9,-2.0,Gibraltar,1,temperature_high,0,0,0,5.7,734.1,58.5
DEMO_NORMAL,2024-01-30T13:00:00,seafood,4.6,65.3,0.14,46,0,29.5,709,35.91,-2.25,Gibraltar,1,temperature_high,0,0,0,5.6,738.7,58.62
DEMO_NORMAL,2024-01-30T14:00:00,seafood,5.1,68.8,0.16,40,0,29.6,710,35.92,-2.5,Gibraltar,1,temperature_high,0,0,0,6.1,743.8,58.75
DEMO_NORMAL,2024-01-30T15:00:00,seafood,3.9,73.1,0.09,38,0,29.6,711,35.92,-2.75,Gibraltar,1,temperature_high,0,0,0,4.9,747.7,58.88
DEMO_NORMAL,2024-01-30T16:00:00,seafood,3.5,71.1,0.13,38,0,29.7,712,35.93,-3.0,Gibraltar,1,temperature_high,0,0,0,4.5,751.2,59.0
DEMO_NORMAL,2024-01-30T17:00:00,seafood,3.7,63.0,0.17,42,0,29.7,713,35.94,-3.25,Gibraltar,1,temperature_high,0,0,0,4.7,754.9,59.12
DEMO_NORMAL,2024-01-30T18:00:00,seafood,3.2,70.7,0.13,40,0,29.8,714,35.95,-3.5,Gibraltar,1,temperature_high,0,0,0,4.2,758.1,59.25
DEMO_NORMAL,2024-01-30T19:00:00,seafood,2.3,65.4,0.56,39,0,29.8,715,35.96,-3.75,Gibraltar,1,temperature_high,0,0,0,3.3,760.4,59.38
DEMO_NORMAL,2024-01-30T20:00:00,seafood,2.2,74.5,0.52,39,0,29.8,716,35.97,-4.0,Gibraltar,1,temperature_high,0,0,0,3.2,762.6,59.5
DEMO_NORMAL,2024-01-30T21:00:00,seafood,1.4,86.0,0.73,36,0,29.9,717,35.98,-4.25,Gibraltar,1,temperature_high,0,0,0,2.4,764.0,59.62
DEMO_NORMAL,2024-01-30T22:00:00,seafood,1.6,82.6,0.76,38,0,29.9,718,35.98,-4.5,Gibraltar,1,temperature_high,0,0,0,2.6,765.6,59.75
DEMO_NORMAL,2024-01-30T23:00:00,seafood,1.5,78.9,0.37,38,0,30.0,719,35.99,-4.75,Gibraltar,1,temperature_high,0,0,0,2.5,767.1,59.88
